task_id,model,dataset,q,loss_fraction,replicate,thinning_seed,model_p3_genes,dataset_available_genes,potential_evaluated_genes,evaluated_genes,input_cells,evaluated_cells,dropped_cells,evaluated_cell_fraction,native_returned_genes,evaluated_gene_order_sha256,evaluated_source_row_order_sha256,task_summary_sha256,model_full_available_mae,model_full_available_mse,model_gene_spearman,model_masked_mae,model_masked_mse,model_n_gene_spearman_valid,model_n_masked,model_n_sample_spearman_valid,model_prediction_sd,model_recovery_index,model_sample_spearman,model_sd_ratio,model_sd_ratio_abs_error,model_target_sd,model_true_zero_mae,model_true_zero_mse,model_true_zero_positive_fraction,baseline_full_available_mae,baseline_full_available_mse,baseline_gene_spearman,baseline_masked_mae,baseline_masked_mse,baseline_n_gene_spearman_valid,baseline_n_masked,baseline_n_sample_spearman_valid,baseline_prediction_sd,baseline_recovery_index,baseline_sample_spearman,baseline_sd_ratio,baseline_sd_ratio_abs_error,baseline_target_sd,baseline_true_zero_mae,baseline_true_zero_mse,baseline_true_zero_positive_fraction,full_mse_gain_vs_corrupted,masked_mae_gain_vs_corrupted,masked_mse_gain_vs_corrupted,recovery_gain_vs_corrupted
0,scprint1,internal_test,0.85,0.15000000000000002,1,2026092101,14526,16384,14526,14526,5000,5000,0,1.0,44733,406c51aa9c705335367fc777b74ad68403c7962a3fad240c1f3d99b2c63e9dcb,a3d44437f284b46e5d827df6101e63efe16f752040ad67db809c061bc367bde5,cf96c4b86444e6b0dba0daa61a6630076aad838287c2aa1a8872a2901bb38b08,0.2935303747653961,0.15299758315086365,0.3115845031181097,0.5549283623695374,0.47222816944122314,13804,883635,4714,0.320043683052063,-1.0680314291113002,0.144953283329335,0.6697487040044844,0.3302512959955156,0.4778563678264618,0.27705854177474976,0.14107155799865723,1.0,0.027249479666352272,0.019855014979839325,,1.0954176187515259,1.4282867908477783,0,883635,0,0.0,-5.254904227235786,,0.0,1.0,0.4778563678264618,0.0,0.0,0.0,-0.13314256817102432,0.5404892563819885,0.9560586214065552,4.186872798124487
0,scprint1,internal_test,0.85,0.15000000000000002,2,2026092102,14526,16384,14526,14526,5000,5000,0,1.0,44733,406c51aa9c705335367fc777b74ad68403c7962a3fad240c1f3d99b2c63e9dcb,a3d44437f284b46e5d827df6101e63efe16f752040ad67db809c061bc367bde5,cf96c4b86444e6b0dba0daa61a6630076aad838287c2aa1a8872a2901bb38b08,0.29357320070266724,0.15302596986293793,0.30892480969442326,0.5539489984512329,0.47113993763923645,13822,882790,4717,0.3199443221092224,-1.0629170535076047,0.1483055754413323,0.6694841974277908,0.33051580257220925,0.4778967499732971,0.2770998775959015,0.1411006897687912,1.0,0.02721532993018627,0.01980230212211609,,1.0940519571304321,1.4253344535827637,0,882790,0,0.0,-5.240920194499246,,0.0,1.0,0.4778967499732971,0.0,0.0,0.0,-0.13322366774082184,0.5401029586791992,0.9541945159435272,4.178003140991642
0,scprint1,internal_test,0.85,0.15000000000000002,3,2026092103,14526,16384,14526,14526,5000,5000,0,1.0,44733,406c51aa9c705335367fc777b74ad68403c7962a3fad240c1f3d99b2c63e9dcb,a3d44437f284b46e5d827df6101e63efe16f752040ad67db809c061bc367bde5,cf96c4b86444e6b0dba0daa61a6630076aad838287c2aa1a8872a2901bb38b08,0.29355061054229736,0.1530042141675949,0.31104034509102535,0.5545129776000977,0.4716058075428009,13806,882656,4706,0.3199620544910431,-1.0680924947040773,0.14403647005507664,0.6700294375854102,0.3299705624145898,0.47753432393074036,0.2770780920982361,0.14107540249824524,1.0,0.027215713635087013,0.01980484649538994,,1.0944701433181763,1.4259034395217896,0,882656,0,0.0,-5.252892043065251,,0.0,1.0,0.47753432393074036,0.0,0.0,0.0,-0.13319936767220497,0.5399571657180786,0.9542976319789886,4.184799548361173
0,scprint1,internal_test,0.85,0.15000000000000002,4,2026092104,14526,16384,14526,14526,5000,5000,0,1.0,44733,406c51aa9c705335367fc777b74ad68403c7962a3fad240c1f3d99b2c63e9dcb,a3d44437f284b46e5d827df6101e63efe16f752040ad67db809c061bc367bde5,cf96c4b86444e6b0dba0daa61a6630076aad838287c2aa1a8872a2901bb38b08,0.2935504913330078,0.15301120281219482,0.3123237045158539,0.5549731850624084,0.47242334485054016,13778,883084,4717,0.3200688362121582,-1.0638906847869203,0.1462023094014165,0.6689922105906267,0.33100778940937325,0.47843432426452637,0.2770736813545227,0.14107629656791687,1.0,0.027228498831391335,0.01984143815934658,,1.0951865911483765,1.4283338785171509,0,883084,0,0.0,-5.240007016524026,,0.0,1.0,0.47843432426452637,0.0,0.0,0.0,-0.13316976465284824,0.540213406085968,0.9559105336666107,4.176116331737106
0,scprint1,internal_test,0.85,0.15000000000000002,5,2026092105,14526,16384,14526,14526,5000,5000,0,1.0,44733,406c51aa9c705335367fc777b74ad68403c7962a3fad240c1f3d99b2c63e9dcb,a3d44437f284b46e5d827df6101e63efe16f752040ad67db809c061bc367bde5,cf96c4b86444e6b0dba0daa61a6630076aad838287c2aa1a8872a2901bb38b08,0.29356271028518677,0.15302638709545135,0.3093619878177475,0.5547715425491333,0.47194918990135193,13805,882593,4700,0.31992417573928833,-1.0665539784249676,0.14738507210959198,0.6694571957390467,0.3305428042609533,0.4778859317302704,0.2770935297012329,0.1411036252975464,1.0,0.02722535841166973,0.019817624241113663,,1.094800591468811,1.4269628524780273,0,882593,0,0.0,-5.248333131940524,,0.0,1.0,0.4778859317302704,0.0,0.0,0.0,-0.1332087628543377,0.5400290489196777,0.9550136625766754,4.181779153515556
1,scprint1,internal_test,0.7,0.30000000000000004,1,2026092111,14526,16384,14526,14526,5000,4995,5,0.999,44733,406c51aa9c705335367fc777b74ad68403c7962a3fad240c1f3d99b2c63e9dcb,3e7e7c9737512007f4f8b95f670ea0dfa1fb6690d5be31bc4e6b7cba6d8e0dbf,e09d6b5ad60be1598e6ba14939119ffb93f43163003607e4a6af9c69045342d4,0.2979266345500946,0.16103270649909973,0.29837328984021305,0.549378514289856,0.4685182273387909,14091,1847462,4991,0.3284708559513092,-0.9786724621087237,0.21186311384235756,0.6750260783118599,0.3249739216881401,0.4866046905517578,0.28193190693855286,0.1465134173631668,1.0,0.05060287564992905,0.04356691986322403,,1.1114510297775269,1.4721076488494873,0,1847462,0,0.0,-5.217087609553783,,0.0,1.0,0.4866046905517578,0.0,0.0,0.0,-0.1174657866358757,0.5620725154876709,1.0035894215106964,4.238415147445059
1,scprint1,internal_test,0.7,0.30000000000000004,2,2026092112,14526,16384,14526,14526,5000,4995,5,0.999,44733,406c51aa9c705335367fc777b74ad68403c7962a3fad240c1f3d99b2c63e9dcb,f01ba02bf1b8331ce3f35450ada2733dad721abeea0c4f472e3242ae5e9a034f,e09d6b5ad60be1598e6ba14939119ffb93f43163003607e4a6af9c69045342d4,0.2979498505592346,0.16105130314826965,0.29595659118362105,0.5498352646827698,0.4691751301288605,14065,1847903,4993,0.3286399841308594,-0.9791774093859051,0.21114072796951186,0.6749867877424037,0.3250132122575963,0.48688358068466187,0.28195372223854065,0.14652343094348907,1.0,0.0506122000515461,0.04359813034534454,,1.1117212772369385,1.472980260848999,0,1847903,0,0.0,-5.213648314954382,,0.0,1.0,0.48688358068466187,0.0,0.0,0.0,-0.11745317280292511,0.5618860125541687,1.0038051307201385,4.234470905568477
1,scprint1,internal_test,0.7,0.30000000000000004,3,2026092113,14526,16384,14526,14526,5000,4995,5,0.999,44733,406c51aa9c705335367fc777b74ad68403c7962a3fad240c1f3d99b2c63e9dcb,3e7e7c9737512007f4f8b95f670ea0dfa1fb6690d5be31bc4e6b7cba6d8e0dbf,e09d6b5ad60be1598e6ba14939119ffb93f43163003607e4a6af9c69045342d4,0.29793763160705566,0.16102252900600433,0.29545890892025506,0.5498566627502441,0.46923667192459106,14101,1847580,4993,0.32838696241378784,-0.9786915977335493,0.21082317351329927,0.674340103618204,0.32565989638179604,0.4869752824306488,0.2819300889968872,0.14648787677288055,1.0,0.050595033913850784,0.04358801618218422,,1.1117676496505737,1.473172664642334,0,1847580,0,0.0,-5.212119699815319,,0.0,1.0,0.4869752824306488,0.0,0.0,0.0,-0.11743451282382011,0.5619109869003296,1.003935992717743,4.23342810208177
1,scprint1,internal_test,0.7,0.30000000000000004,4,2026092114,14526,16384,14526,14526,5000,4995,5,0.999,44733,406c51aa9c705335367fc777b74ad68403c7962a3fad240c1f3d99b2c63e9dcb,3e7e7c9737512007f4f8b95f670ea0dfa1fb6690d5be31bc4e6b7cba6d8e0dbf,e09d6b5ad60be1598e6ba14939119ffb93f43163003607e4a6af9c69045342d4,0.2979705333709717,0.1610701084136963,0.2969720138118602,0.5499348640441895,0.46939030289649963,14075,1846758,4988,0.328669935464859,-0.9792597302411288,0.2107476685110985,0.6749075977319677,0.32509240226803227,0.48698508739471436,0.28195786476135254,0.1465286910533905,1.0,0.050597358494997025,0.04356946051120758,,1.1115306615829468,1.472654938697815,0,1846758,0,0.0,-5.209686477796726,,0.0,1.0,0.48698508739471436,0.0,0.0,0.0,-0.11750064790248871,0.5615957975387573,1.0032646358013153,4.2304267475555974
1,scprint1,internal_test,0.7,0.30000000000000004,5,2026092115,14526,16384,14526,14526,5000,4995,5,0.999,44733,406c51aa9c705335367fc777b74ad68403c7962a3fad240c1f3d99b2c63e9dcb,3e7e7c9737512007f4f8b95f670ea0dfa1fb6690d5be31bc4e6b7cba6d8e0dbf,e09d6b5ad60be1598e6ba14939119ffb93f43163003607e4a6af9c69045342d4,0.29795047640800476,0.1610325425863266,0.29630608670481223,0.5496404767036438,0.4687161147594452,14104,1848343,4989,0.3286726176738739,-0.9790596948855586,0.21039707535193214,0.6753641884789052,0.3246358115210948,0.48665982484817505,0.28195250034332275,0.1465049386024475,1.0,0.050622716546058655,0.043603718280792236,,1.1117075681686401,1.4727321863174438,0,1848343,0,0.0,-5.218315990260731,,0.0,1.0,0.48665982484817505,0.0,0.0,0.0,-0.11742882430553436,0.5620670914649963,1.0040160715579987,4.2392562953751725
2,scprint1,internal_test,0.5,0.5,1,2026092121,14526,16384,14526,14526,5000,4946,54,0.9892,44733,406c51aa9c705335367fc777b74ad68403c7962a3fad240c1f3d99b2c63e9dcb,85a5fd01cc0748f4f246c6c2b870c442379315bbd699f4521f6c04012f09c3fd,b79b61d65d86522cd30bab56f5e2f2f8d8f6ef6a74717b7d2b00bed66dd88ec9,0.3052707612514496,0.17359215021133423,0.27844982411423863,0.5405443906784058,0.46028751134872437,14211,3292673,4946,0.3430771231651306,-0.854499337568662,0.290371099491156,0.6886372406840743,0.3113627593159257,0.49819716811180115,0.2893725633621216,0.1549193412065506,1.0,0.08011524379253387,0.08418527990579605,,1.1368449926376343,1.5406163930892944,0,3292673,0,0.0,-5.207146642019002,,0.0,1.0,0.49819716811180115,0.0,0.0,0.0,-0.08940687030553818,0.5963006019592285,1.08032888174057,4.35264730445034
2,scprint1,internal_test,0.5,0.5,2,2026092122,14526,16384,14526,14526,5000,4947,53,0.9894,44733,406c51aa9c705335367fc777b74ad68403c7962a3fad240c1f3d99b2c63e9dcb,c956326248fb206c8ab13d1512b917e8d6cd8f342bf49c8a05d5c693f895cb55,b79b61d65d86522cd30bab56f5e2f2f8d8f6ef6a74717b7d2b00bed66dd88ec9,0.30525651574134827,0.17359483242034912,0.2767594073877045,0.5408669710159302,0.4608634114265442,14221,3291943,4947,0.34301477670669556,-0.8574989425805708,0.2902082755011145,0.6886380283056991,0.3113619716943009,0.49810606241226196,0.2893654406070709,0.1549210250377655,1.0,0.08010826259851456,0.08418943732976913,,1.137191891670227,1.5413140058517456,0,3291943,0,0.0,-5.212229187802568,,0.0,1.0,0.49810606241226196,0.0,0.0,0.0,-0.08940539509057999,0.5963249206542969,1.0804505944252014,4.354730245221997
2,scprint1,internal_test,0.5,0.5,3,2026092123,14526,16384,14526,14526,5000,4953,47,0.9906,44733,406c51aa9c705335367fc777b74ad68403c7962a3fad240c1f3d99b2c63e9dcb,0ac316ab102bf90e6213e46f8cc28b0de340201ac998152eb93655cb86947984,b79b61d65d86522cd30bab56f5e2f2f8d8f6ef6a74717b7d2b00bed66dd88ec9,0.30539369583129883,0.17377543449401855,0.27900830597669646,0.5407247543334961,0.46082180738449097,14192,3294429,4953,0.3433462381362915,-0.8519130563984483,0.29058306774593795,0.6882973202809543,0.31170267971904575,0.49883419275283813,0.28951382637023926,0.15509425103664398,1.0,0.08006689697504044,0.08420094102621078,,1.1373441219329834,1.5423862934112549,0,3294429,0,0.0,-5.198416110101916,,0.0,1.0,0.49883419275283813,0.0,0.0,0.0,-0.08957449346780777,0.5966193675994873,1.081564486026764,4.346503053703468
2,scprint1,internal_test,0.5,0.5,4,2026092124,14526,16384,14526,14526,5000,4949,51,0.9898,44733,406c51aa9c705335367fc777b74ad68403c7962a3fad240c1f3d99b2c63e9dcb,8723e78a0e2b987a065c41a0283e9da2d28982a59f3a2b38334818cbb13e867a,b79b61d65d86522cd30bab56f5e2f2f8d8f6ef6a74717b7d2b00bed66dd88ec9,0.30534374713897705,0.17372073233127594,0.27740241885903216,0.5408440828323364,0.46081793308258057,14208,3289950,4949,0.34332066774368286,-0.8547810213588869,0.29059241910959893,0.6887816753305006,0.3112183246694994,0.4984462857246399,0.2894565463066101,0.15504547953605652,1.0,0.08007033169269562,0.08414430171251297,,1.1372135877609253,1.541704535484314,0,3289950,0,0.0,-5.2053234209676145,,0.0,1.0,0.4984462857246399,0.0,0.0,0.0,-0.08957643061876297,0.5963695049285889,1.0808866024017334,4.350542399608727
2,scprint1,internal_test,0.5,0.5,5,2026092125,14526,16384,14526,14526,5000,4948,52,0.9896,44733,406c51aa9c705335367fc777b74ad68403c7962a3fad240c1f3d99b2c63e9dcb,3a4babdb2fc1c276c4db1ccc4064828b4f7a4f414ba8286d5999f7fcc93d4a2d,b79b61d65d86522cd30bab56f5e2f2f8d8f6ef6a74717b7d2b00bed66dd88ec9,0.30528751015663147,0.17362669110298157,0.27917082073712135,0.5404995679855347,0.46023455262184143,14201,3292369,4948,0.3431435525417328,-0.853224657915524,0.2903796106594743,0.6885734415476498,0.31142655845235023,0.49833980202674866,0.2893943786621094,0.15495535731315613,1.0,0.08008496463298798,0.08415595442056656,,1.136827826499939,1.5407201051712036,0,3292369,0,0.0,-5.204011571020775,,0.0,1.0,0.49833980202674866,0.0,0.0,0.0,-0.08947073668241501,0.5963282585144043,1.0804855525493622,4.350786913105251
3,scprint1,baron_pancreas,0.85,0.15000000000000002,1,2026092201,14526,13762,13596,13596,5000,5000,0,1.0,44733,aaae2a02b7e47fbbe607c93e86f82e60bb16c5f6c6f1fa28c7737faf70453e3d,a3d44437f284b46e5d827df6101e63efe16f752040ad67db809c061bc367bde5,6a5e42dc4a6f90def1cd8ca46dc1c4431f55704e9184314cea4a3bcdc21fb6f6,0.3554348647594452,0.19420172274112701,0.25138040946588414,0.6600708961486816,0.5693295001983643,12196,840200,4971,0.3186452090740204,-3.497988761631377,0.10458491058372227,0.8956425799430244,0.10435742005697557,0.3557727336883545,0.3303324580192566,0.17294558882713318,1.0,0.031071336939930916,0.023001834750175476,,1.2171674966812134,1.6080713272094727,0,840200,0,0.0,-11.70457047310868,,0.0,1.0,0.3557727336883545,0.0,0.0,0.0,-0.17119988799095154,0.5570966005325317,1.0387418270111084,8.206581711477302
3,scprint1,baron_pancreas,0.85,0.15000000000000002,2,2026092202,14526,13762,13596,13596,5000,5000,0,1.0,44733,aaae2a02b7e47fbbe607c93e86f82e60bb16c5f6c6f1fa28c7737faf70453e3d,a3d44437f284b46e5d827df6101e63efe16f752040ad67db809c061bc367bde5,6a5e42dc4a6f90def1cd8ca46dc1c4431f55704e9184314cea4a3bcdc21fb6f6,0.3554568588733673,0.19421380758285522,0.25113162651684073,0.6610348224639893,0.570673406124115,12157,840092,4972,0.318591833114624,-3.5005220664661865,0.10506646636581352,0.8946893530878307,0.10531064691216929,0.3560921251773834,0.33034205436706543,0.1729416698217392,1.0,0.03105892241001129,0.02300923876464367,,1.217603325843811,1.609359622001648,0,840092,0,0.0,-11.691950271330564,,0.0,1.0,0.3560921251773834,0.0,0.0,0.0,-0.17120456881821156,0.5565685033798218,1.038686215877533,8.191428204864376
3,scprint1,baron_pancreas,0.85,0.15000000000000002,3,2026092203,14526,13762,13596,13596,5000,5000,0,1.0,44733,aaae2a02b7e47fbbe607c93e86f82e60bb16c5f6c6f1fa28c7737faf70453e3d,a3d44437f284b46e5d827df6101e63efe16f752040ad67db809c061bc367bde5,6a5e42dc4a6f90def1cd8ca46dc1c4431f55704e9184314cea4a3bcdc21fb6f6,0.3554549515247345,0.19420674443244934,0.25085654879176245,0.6597712635993958,0.5687974691390991,12204,841505,4961,0.3183566927909851,-3.4993445208688794,0.10265305211540171,0.8953849313202644,0.10461506867973558,0.35555288195610046,0.3303488492965698,0.1729491502046585,1.0,0.0310869999229908,0.02300962433218956,,1.2164701223373413,1.6062171459197998,0,841505,0,0.0,-11.705619674711599,,0.0,1.0,0.35555288195610046,0.0,0.0,0.0,-0.17119712010025978,0.5566988587379456,1.0374196767807007,8.20627515384272
3,scprint1,baron_pancreas,0.85,0.15000000000000002,4,2026092204,14526,13762,13596,13596,5000,5000,0,1.0,44733,aaae2a02b7e47fbbe607c93e86f82e60bb16c5f6c6f1fa28c7737faf70453e3d,a3d44437f284b46e5d827df6101e63efe16f752040ad67db809c061bc367bde5,6a5e42dc4a6f90def1cd8ca46dc1c4431f55704e9184314cea4a3bcdc21fb6f6,0.35543084144592285,0.19417650997638702,0.2511054487072114,0.6603217124938965,0.5694663524627686,12179,840623,4963,0.31923341751098633,-3.495670947925375,0.10489592950519148,0.89695689192602,0.10304310807397998,0.3559072017669678,0.3303312063217163,0.17292732000350952,1.0,0.031065845862030983,0.02301267348229885,,1.2174328565597534,1.6088122129440308,0,840623,0,0.0,-11.700821207646122,,0.0,1.0,0.3559072017669678,0.0,0.0,0.0,-0.17116383649408817,0.5571111440658569,1.0393458604812622,8.205150259720746
3,scprint1,baron_pancreas,0.85,0.15000000000000002,5,2026092205,14526,13762,13596,13596,5000,5000,0,1.0,44733,aaae2a02b7e47fbbe607c93e86f82e60bb16c5f6c6f1fa28c7737faf70453e3d,a3d44437f284b46e5d827df6101e63efe16f752040ad67db809c061bc367bde5,6a5e42dc4a6f90def1cd8ca46dc1c4431f55704e9184314cea4a3bcdc21fb6f6,0.3554098606109619,0.194191113114357,0.24712169905041712,0.660234272480011,0.5697677135467529,12206,840256,4968,0.31874385476112366,-3.493362171885928,0.10493565548245415,0.8951145466725006,0.10488545332749943,0.35609281063079834,0.33030465245246887,0.17293983697891235,1.0,0.031061014160513878,0.022996943444013596,,1.2170549631118774,1.6080243587493896,0,840256,0,0.0,-11.681371115428679,,0.0,1.0,0.35609281063079834,0.0,0.0,0.0,-0.1711941696703434,0.5568206906318665,1.0382566452026367,8.188008943542751
4,scprint1,baron_pancreas,0.7,0.30000000000000004,1,2026092211,14526,13762,13596,13596,5000,5000,0,1.0,44733,aaae2a02b7e47fbbe607c93e86f82e60bb16c5f6c6f1fa28c7737faf70453e3d,a3d44437f284b46e5d827df6101e63efe16f752040ad67db809c061bc367bde5,b29480c733f23a323de000f83f302bc81682a0a68d75fb3319ce99b6d4f025c2,0.35819312930107117,0.2014102339744568,0.24118899320964696,0.6673293113708496,0.5885303020477295,12621,1766601,5000,0.3257754147052765,-3.166417729342691,0.1529024439504504,0.8667928042427392,0.1332071957572608,0.3758400082588196,0.3331969678401947,0.17640352249145508,1.0,0.05757998302578926,0.05113184452056885,,1.242112636566162,1.68410062789917,0,1766601,0,0.0,-10.922354192575138,,0.0,1.0,0.3758400082588196,0.0,0.0,0.0,-0.15027838945388794,0.5747833251953125,1.0955703258514404,7.755936463232447
4,scprint1,baron_pancreas,0.7,0.30000000000000004,2,2026092212,14526,13762,13596,13596,5000,5000,0,1.0,44733,aaae2a02b7e47fbbe607c93e86f82e60bb16c5f6c6f1fa28c7737faf70453e3d,a3d44437f284b46e5d827df6101e63efe16f752040ad67db809c061bc367bde5,b29480c733f23a323de000f83f302bc81682a0a68d75fb3319ce99b6d4f025c2,0.35820096731185913,0.2013862580060959,0.24289014742949228,0.6665640473365784,0.5871219038963318,12625,1767808,5000,0.3261334002017975,-3.1521191298568283,0.1553452565025372,0.8672933962683599,0.13270660373164012,0.3760358393192291,0.3332260847091675,0.17641770839691162,1.0,0.057596586644649506,0.051153264939785004,,1.2419209480285645,1.6837693452835083,0,1767808,0,0.0,-10.907596808128284,,0.0,1.0,0.3760358393192291,0.0,0.0,0.0,-0.15023299306631088,0.5753569006919861,1.0966474413871765,7.755477678271456
4,scprint1,baron_pancreas,0.7,0.30000000000000004,3,2026092213,14526,13762,13596,13596,5000,5000,0,1.0,44733,aaae2a02b7e47fbbe607c93e86f82e60bb16c5f6c6f1fa28c7737faf70453e3d,a3d44437f284b46e5d827df6101e63efe16f752040ad67db809c061bc367bde5,b29480c733f23a323de000f83f302bc81682a0a68d75fb3319ce99b6d4f025c2,0.35816454887390137,0.20140452682971954,0.23791612850084945,0.6675238013267517,0.5889461040496826,12617,1768634,5000,0.3259766399860382,-3.1656226691805562,0.15321514918533777,0.8669392512623688,0.13306074873763118,0.37600862979888916,0.33316272497177124,0.17638778686523438,1.0,0.057638607919216156,0.05122053623199463,,1.2424869537353516,1.6851547956466675,0,1768634,0,0.0,-10.919119541763557,,0.0,1.0,0.37600862979888916,0.0,0.0,0.0,-0.15018399059772491,0.5749631524085999,1.0962086915969849,7.753496872583001
4,scprint1,baron_pancreas,0.7,0.30000000000000004,4,2026092214,14526,13762,13596,13596,5000,5000,0,1.0,44733,aaae2a02b7e47fbbe607c93e86f82e60bb16c5f6c6f1fa28c7737faf70453e3d,a3d44437f284b46e5d827df6101e63efe16f752040ad67db809c061bc367bde5,b29480c733f23a323de000f83f302bc81682a0a68d75fb3319ce99b6d4f025c2,0.35821250081062317,0.2014189213514328,0.24243661300101466,0.6674523949623108,0.5885140299797058,12641,1767461,5000,0.3257915675640106,-3.164414792084904,0.154698335007002,0.8666393794302121,0.13336062056978792,0.3759251832962036,0.33323153853416443,0.17643441259860992,1.0,0.0576087087392807,0.051173292100429535,,1.2423425912857056,1.6847327947616577,0,1767461,0,0.0,-10.921425512078146,,0.0,1.0,0.3759251832962036,0.0,0.0,0.0,-0.15024562925100327,0.5748901963233948,1.096218764781952,7.757010719993242
4,scprint1,baron_pancreas,0.7,0.30000000000000004,5,2026092215,14526,13762,13596,13596,5000,5000,0,1.0,44733,aaae2a02b7e47fbbe607c93e86f82e60bb16c5f6c6f1fa28c7737faf70453e3d,a3d44437f284b46e5d827df6101e63efe16f752040ad67db809c061bc367bde5,b29480c733f23a323de000f83f302bc81682a0a68d75fb3319ce99b6d4f025c2,0.3581872582435608,0.20139959454536438,0.24006040522231284,0.6670688390731812,0.5878320336341858,12623,1765484,5000,0.3257647156715393,-3.1608745879880553,0.15602411374494876,0.8667018659282381,0.13329813407176194,0.37586709856987,0.33319607377052307,0.17641662061214447,1.0,0.05755113437771797,0.05107996240258217,,1.2417500019073486,1.6832196712493896,0,1765484,0,0.0,-10.91439995674283,,0.0,1.0,0.37586709856987,0.0,0.0,0.0,-0.1503196321427822,0.5746811628341675,1.0953876376152039,7.753525368754775
5,scprint1,baron_pancreas,0.5,0.5,1,2026092221,14526,13762,13596,13596,5000,5000,0,1.0,44733,aaae2a02b7e47fbbe607c93e86f82e60bb16c5f6c6f1fa28c7737faf70453e3d,a3d44437f284b46e5d827df6101e63efe16f752040ad67db809c061bc367bde5,045051ce6e7ba5278bc9faa50cc20326cae2b8e05097d4307829f1bd162457c1,0.3638388514518738,0.21420124173164368,0.22925437491636205,0.6767370700836182,0.6156736612319946,12903,3180516,5000,0.33927422761917114,-2.68957629314066,0.21600013688371875,0.8305462671995495,0.1694537328004505,0.4084952771663666,0.3385061025619507,0.18279282748699188,1.0,0.09088192135095596,0.10048352181911469,,1.2819740772247314,1.8103253841400146,0,3180516,0,0.0,-9.848821446784108,,0.0,1.0,0.4084952771663666,0.0,0.0,0.0,-0.11371771991252899,0.6052370071411133,1.19465172290802,7.159245153643448
5,scprint1,baron_pancreas,0.5,0.5,2,2026092222,14526,13762,13596,13596,5000,5000,0,1.0,44733,aaae2a02b7e47fbbe607c93e86f82e60bb16c5f6c6f1fa28c7737faf70453e3d,a3d44437f284b46e5d827df6101e63efe16f752040ad67db809c061bc367bde5,045051ce6e7ba5278bc9faa50cc20326cae2b8e05097d4307829f1bd162457c1,0.36384186148643494,0.21423029899597168,0.23323087584068214,0.6771249771118164,0.6165666580200195,12891,3178623,5000,0.3389992117881775,-2.688188115641246,0.21510287939814926,0.8291158214914779,0.1708841785085221,0.40886834263801575,0.3385169208049774,0.18281686305999756,1.0,0.09088626503944397,0.1005084216594696,,1.282392978668213,1.8117060661315918,0,3178623,0,0.0,-9.837291791935874,,0.0,1.0,0.40886834263801575,0.0,0.0,0.0,-0.11372187733650208,0.6052680015563965,1.1951394081115723,7.149103676294628
5,scprint1,baron_pancreas,0.5,0.5,3,2026092223,14526,13762,13596,13596,5000,5000,0,1.0,44733,aaae2a02b7e47fbbe607c93e86f82e60bb16c5f6c6f1fa28c7737faf70453e3d,a3d44437f284b46e5d827df6101e63efe16f752040ad67db809c061bc367bde5,045051ce6e7ba5278bc9faa50cc20326cae2b8e05097d4307829f1bd162457c1,0.36371347308158875,0.2141665667295456,0.23172118486438797,0.676899254322052,0.6161260008811951,12867,3179796,5000,0.33954259753227234,-2.6897885117171234,0.2155338210652078,0.8309219575119132,0.16907804248808678,0.4086335599422455,0.3383817970752716,0.18276982009410858,1.0,0.09087110310792923,0.1004815399646759,,1.2821474075317383,1.8108845949172974,0,3179796,0,0.0,-9.844829084984159,,0.0,1.0,0.4086335599422455,0.0,0.0,0.0,-0.11368502676486969,0.6052481532096863,1.1947585940361023,7.155040573267035
5,scprint1,baron_pancreas,0.5,0.5,4,2026092224,14526,13762,13596,13596,5000,5000,0,1.0,44733,aaae2a02b7e47fbbe607c93e86f82e60bb16c5f6c6f1fa28c7737faf70453e3d,a3d44437f284b46e5d827df6101e63efe16f752040ad67db809c061bc367bde5,045051ce6e7ba5278bc9faa50cc20326cae2b8e05097d4307829f1bd162457c1,0.36379948258399963,0.21419455111026764,0.22947921980065977,0.677043080329895,0.6162772178649902,12897,3179093,5000,0.33937954902648926,-2.6937235738815493,0.21543369604875978,0.8308637418362372,0.16913625816376276,0.4084659516811371,0.3384581506252289,0.18277513980865479,1.0,0.09085243940353394,0.1004510447382927,,1.2821377515792847,1.8107229471206665,0,3179093,0,0.0,-9.852762103909395,,0.0,1.0,0.4084659516811371,0.0,0.0,0.0,-0.11374350637197495,0.6050946712493896,1.1944457292556763,7.159038530027846
5,scprint1,baron_pancreas,0.5,0.5,5,2026092225,14526,13762,13596,13596,5000,5000,0,1.0,44733,aaae2a02b7e47fbbe607c93e86f82e60bb16c5f6c6f1fa28c7737faf70453e3d,a3d44437f284b46e5d827df6101e63efe16f752040ad67db809c061bc367bde5,045051ce6e7ba5278bc9faa50cc20326cae2b8e05097d4307829f1bd162457c1,0.3637937903404236,0.21418680250644684,0.23451700257178457,0.6768172979354858,0.6160231828689575,12888,3179210,5000,0.3392658531665802,-2.687235239791659,0.2154763337354485,0.830026666289466,0.16997333371053402,0.40874090790748596,0.338463693857193,0.18277601897716522,1.0,0.09087026119232178,0.10047072917222977,,1.2820478677749634,1.8107155561447144,0,3179210,0,0.0,-9.838121670619005,,0.0,1.0,0.40874090790748596,0.0,0.0,0.0,-0.11371607333421707,0.6052305698394775,1.1946923732757568,7.150886430827346
6,scprint1,zheng68k,0.85,0.15000000000000002,1,2026092301,14526,15683,14312,14312,5000,4988,12,0.9976,44733,9c714c495bb9b1fafb76db162cae637109422a64357d31a0f332b6d125810d80,b62bf63caa05c5e011f9c60797ed1d1ea3bf754b5a601d5cfec4a9524bc77456,d35d736def069d856c062f3140d079b365c34141757343edbb850ed28b7c0b87,0.323698490858078,0.22106949985027313,0.26231025989671447,1.205428123474121,1.724807620048523,9293,273477,3973,0.5183630585670471,-12.573371816043876,0.14967363299111985,1.4541445689093877,0.4541445689093877,0.35647284984588623,0.3034597337245941,0.19820840656757355,1.0,0.013565567322075367,0.019396064803004265,,2.154083728790283,4.767149925231934,0,273477,0,0.0,-36.5150815000333,,0.0,1.0,0.35647284984588623,0.0,0.0,0.0,-0.20167343504726887,0.9486556053161621,3.0423423051834106,23.941709683989423
6,scprint1,zheng68k,0.85,0.15000000000000002,2,2026092302,14526,15683,14312,14312,5000,4990,10,0.998,44733,9c714c495bb9b1fafb76db162cae637109422a64357d31a0f332b6d125810d80,b5d9b1a24027c66b682cae0ae29f7b5ac5e607a92a1969b69f86e96a3c8a2075,d35d736def069d856c062f3140d079b365c34141757343edbb850ed28b7c0b87,0.32370615005493164,0.2210562527179718,0.26432853917114935,1.2057076692581177,1.7262665033340454,9363,272292,3923,0.5226500034332275,-12.610326551394948,0.146889805250822,1.4675445992044382,0.46754459920443825,0.35613909363746643,0.3034745454788208,0.19821110367774963,1.0,0.013531826436519623,0.01935112290084362,,2.156714916229248,4.778255462646484,0,272292,0,0.0,-36.67298795811767,,0.0,1.0,0.35613909363746643,0.0,0.0,0.0,-0.20170512981712818,0.9510072469711304,3.051988959312439,24.062661406722725
6,scprint1,zheng68k,0.85,0.15000000000000002,3,2026092303,14526,15683,14312,14312,5000,4989,11,0.9978,44733,9c714c495bb9b1fafb76db162cae637109422a64357d31a0f332b6d125810d80,f08cdb5bec5d745eeea6f73cfd9fad0324c1c626a09d2fa4ee3022a8b909ce60,d35d736def069d856c062f3140d079b365c34141757343edbb850ed28b7c0b87,0.3237062394618988,0.22107556462287903,0.26666945114754853,1.2049578428268433,1.7242361307144165,9344,274407,3920,0.521888017654419,-12.565412944925958,0.15076642753726663,1.463846249656225,0.463846249656225,0.35651832818984985,0.30346718430519104,0.1982092410326004,1.0,0.013596227392554283,0.019478164613246918,,2.155522108078003,4.773380279541016,0,274407,0,0.0,-36.55452833963664,,0.0,1.0,0.35651832818984985,0.0,0.0,0.0,-0.2015974000096321,0.9505642652511597,3.049144148826599,23.98911539471068
6,scprint1,zheng68k,0.85,0.15000000000000002,4,2026092304,14526,15683,14312,14312,5000,4986,14,0.9972,44733,9c714c495bb9b1fafb76db162cae637109422a64357d31a0f332b6d125810d80,9fdf6d6cf8f3ecb9dc14a7147b9fe0bd249686bb85dd1fd97a63b85f8a6c4265,d35d736def069d856c062f3140d079b365c34141757343edbb850ed28b7c0b87,0.32368770241737366,0.22103609144687653,0.26322588127180463,1.2050223350524902,1.7232916355133057,9314,273601,3945,0.5183061957359314,-12.52183955522839,0.15272432828596819,1.4518605326583824,0.45186053265838244,0.35699447989463806,0.3034483790397644,0.19818316400051117,1.0,0.013570976443588734,0.019415052607655525,,2.1543025970458984,4.768464088439941,0,273601,0,0.0,-36.41584128884112,,0.0,1.0,0.35699447989463806,0.0,0.0,0.0,-0.201621038839221,0.9492802619934082,3.0451724529266357,23.894001733612733
6,scprint1,zheng68k,0.85,0.15000000000000002,5,2026092305,14526,15683,14312,14312,5000,4984,16,0.9968,44733,9c714c495bb9b1fafb76db162cae637109422a64357d31a0f332b6d125810d80,83ce105931bc88731039ea8109cb620cee2a71d484071393149fb2715052acc6,d35d736def069d856c062f3140d079b365c34141757343edbb850ed28b7c0b87,0.3236769139766693,0.22101496160030365,0.2692190479157381,1.2055989503860474,1.7251362800598145,9293,273305,3966,0.520050048828125,-12.651797076683742,0.1482473153706865,1.462946180130842,0.4629461801308421,0.3554813265800476,0.3034316301345825,0.1981508582830429,1.0,0.013570266775786877,0.019406810402870178,,2.1546878814697266,4.76904821395874,0,273305,0,0.0,-36.73967263828477,,0.0,1.0,0.3554813265800476,0.0,0.0,0.0,-0.20160815119743347,0.9490889310836792,3.043911933898926,24.08787556160103
7,scprint1,zheng68k,0.7,0.30000000000000004,1,2026092311,14526,15683,14312,14312,5000,4933,67,0.9866,44733,9c714c495bb9b1fafb76db162cae637109422a64357d31a0f332b6d125810d80,5000dbbebde6842c41b444b4290facd7eb36ce9d9d17531ece8686336c6f9ce8,87bfcc0d3f100d19e8aedb2053b29f625e69d56d061358265f1676c847c47094,0.33026155829429626,0.2312518209218979,0.23672066224913824,1.1921569108963013,1.6984614133834839,10228,563051,4920,0.5313951373100281,-11.225763087115801,0.2028800348021668,1.4256985943597524,0.42569859435975244,0.3727261424064636,0.3091728985309601,0.2048461139202118,1.0,0.025977464392781258,0.04168238118290901,,2.17262601852417,4.859228134155273,0,563051,0,0.0,-33.97740454172853,,0.0,1.0,0.3727261424064636,0.0,0.0,0.0,-0.18956943973898888,0.9804691076278687,3.1607667207717896,22.75164145461273
7,scprint1,zheng68k,0.7,0.30000000000000004,2,2026092312,14526,15683,14312,14312,5000,4934,66,0.9868,44733,9c714c495bb9b1fafb76db162cae637109422a64357d31a0f332b6d125810d80,317fe462506167f22cc060c44ce522693ec2036c888e81f56e1b7ac11110b72d,87bfcc0d3f100d19e8aedb2053b29f625e69d56d061358265f1676c847c47094,0.33029448986053467,0.23134474456310272,0.236499561447524,1.1934679746627808,1.7014116048812866,10301,563910,4919,0.5307226181030273,-11.239967135215721,0.20102182332047738,1.4234854326139794,0.4234854326139794,0.3728331923484802,0.3091924488544464,0.20490668714046478,1.0,0.025999857112765312,0.04173578694462776,,2.172715902328491,4.859699249267578,0,563910,0,0.0,-33.9607108164858,,0.0,1.0,0.3728331923484802,0.0,0.0,0.0,-0.18960895761847496,0.9792479276657104,3.1582876443862915,22.72074368127008
7,scprint1,zheng68k,0.7,0.30000000000000004,3,2026092313,14526,15683,14312,14312,5000,4928,72,0.9856,44733,9c714c495bb9b1fafb76db162cae637109422a64357d31a0f332b6d125810d80,68916159e3e8b76179397dd317124228633595df22cf0c6e9c750ef110cedb73,87bfcc0d3f100d19e8aedb2053b29f625e69d56d061358265f1676c847c47094,0.33019497990608215,0.2312283217906952,0.2397267439057076,1.1929984092712402,1.7001774311065674,10283,563438,4915,0.5310519337654114,-11.245410499375208,0.20417836418011528,1.4252024012372182,0.4252024012372182,0.37261509895324707,0.30909618735313416,0.20481403172016144,1.0,0.026008540764451027,0.04174129292368889,,2.1724395751953125,4.858335971832275,0,563438,0,0.0,-33.99182922352191,,0.0,1.0,0.37261509895324707,0.0,0.0,0.0,-0.1894870288670063,0.9794411659240723,3.158158540725708,22.746418724146704
7,scprint1,zheng68k,0.7,0.30000000000000004,4,2026092314,14526,15683,14312,14312,5000,4930,70,0.986,44733,9c714c495bb9b1fafb76db162cae637109422a64357d31a0f332b6d125810d80,785585a65049463e97586e712756c20e9f094f8f672873cc34a67659c47de3dc,87bfcc0d3f100d19e8aedb2053b29f625e69d56d061358265f1676c847c47094,0.3301841914653778,0.23119708895683289,0.23596458835709774,1.1923794746398926,1.6981312036514282,10298,563169,4923,0.5310822129249573,-11.249437096057541,0.20365153433385216,1.4263765849685288,0.4263765849685288,0.37232959270477295,0.30908969044685364,0.20479221642017365,1.0,0.025989778339862823,0.04170471057295799,,2.1724958419799805,4.858367919921875,0,563169,0,0.0,-34.045744461099304,,0.0,1.0,0.37232959270477295,0.0,0.0,0.0,-0.1894923783838749,0.9801163673400879,3.1602367162704468,22.796307365041763
7,scprint1,zheng68k,0.7,0.30000000000000004,5,2026092315,14526,15683,14312,14312,5000,4942,58,0.9884,44733,9c714c495bb9b1fafb76db162cae637109422a64357d31a0f332b6d125810d80,c7c1c69923b74f38ce2f700e0cec2bf9f542769fe2848f77e5501525727b3a5f,87bfcc0d3f100d19e8aedb2053b29f625e69d56d061358265f1676c847c47094,0.33035919070243835,0.23137705028057098,0.23679839174194534,1.1928424835205078,1.69965398311615,10240,563854,4937,0.5302952527999878,-11.148084180396937,0.20314098262706473,1.4177229753309313,0.4177229753309313,0.3740471601486206,0.30926749110221863,0.20494990050792694,1.0,0.025958187878131866,0.04167630895972252,,2.172898530960083,4.861401081085205,0,563854,0,0.0,-33.74631316394236,,0.0,1.0,0.3740471601486206,0.0,0.0,0.0,-0.18970074132084846,0.9800560474395752,3.161747097969055,22.598228983545425
8,scprint1,zheng68k,0.5,0.5,1,2026092321,14526,15683,14312,14312,5000,4739,261,0.9478,44733,9c714c495bb9b1fafb76db162cae637109422a64357d31a0f332b6d125810d80,37b850509be8a75e3c31ac93e526b9ab9821dc5d47b84950c889628b59484975,6bf923f00510b25874c554e31788e26a7491ef9006d2e7aa6c8c29a95969409a,0.3405608832836151,0.2470659464597702,0.19218937530310182,1.1679269075393677,1.6430875062942505,10808,969838,4739,0.5487792491912842,-9.368477458880355,0.28875008794678025,1.3785573192437914,0.37855731924379143,0.39808228611946106,0.3179625868797302,0.215079203248024,1.0,0.04245365411043167,0.07773339003324509,,2.1939241886138916,4.97177267074585,0,969838,0,0.0,-30.373686836417342,,0.0,1.0,0.39808228611946106,0.0,0.0,0.0,-0.16933255642652512,1.025997281074524,3.328685164451599,21.005209377536985
8,scprint1,zheng68k,0.5,0.5,2,2026092322,14526,15683,14312,14312,5000,4731,269,0.9462,44733,9c714c495bb9b1fafb76db162cae637109422a64357d31a0f332b6d125810d80,c883965ac70ec1a1847d6afd50dd8b2871493af2c1da3d5f181f534d3ae6bc2e,6bf923f00510b25874c554e31788e26a7491ef9006d2e7aa6c8c29a95969409a,0.3406061828136444,0.24703124165534973,0.19548676816544713,1.1672565937042236,1.6408439874649048,10751,967939,4731,0.5497061014175415,-9.321538488631813,0.29041353954809757,1.3786979524046576,0.37869795240465765,0.39871394634246826,0.3180120587348938,0.2150741070508957,1.0,0.04246794432401657,0.07773803919553757,,2.1939098834991455,4.97221565246582,0,967939,0,0.0,-30.277144946604,,0.0,1.0,0.39871394634246826,0.0,0.0,0.0,-0.16929320245981216,1.0266532897949219,3.3313716650009155,20.955606457972188
8,scprint1,zheng68k,0.5,0.5,3,2026092323,14526,15683,14312,14312,5000,4732,268,0.9464,44733,9c714c495bb9b1fafb76db162cae637109422a64357d31a0f332b6d125810d80,95ac9b42d4f824d1d1da1eee50c8cea2daa329056f84189f519b7291a300afa5,6bf923f00510b25874c554e31788e26a7491ef9006d2e7aa6c8c29a95969409a,0.3406314551830292,0.24712732434272766,0.1986430938170231,1.1673498153686523,1.641526460647583,10794,968962,4732,0.5496459603309631,-9.325683319849567,0.2891293726763451,1.3785372228545698,0.3785372228545698,0.3987168073654175,0.3180290162563324,0.2151452600955963,1.0,0.042496077716350555,0.07781058549880981,,2.194030523300171,4.972745418548584,0,968962,0,0.0,-30.280028469299882,,0.0,1.0,0.3987168073654175,0.0,0.0,0.0,-0.16931673884391785,1.0266807079315186,3.331218957901001,20.954345149450315
8,scprint1,zheng68k,0.5,0.5,4,2026092324,14526,15683,14312,14312,5000,4726,274,0.9452,44733,9c714c495bb9b1fafb76db162cae637109422a64357d31a0f332b6d125810d80,a5ad9e2f584fbb30f0398b1aa00ad0bf0c171f3a5b4e75a1d62acbcc8ecf4616,6bf923f00510b25874c554e31788e26a7491ef9006d2e7aa6c8c29a95969409a,0.3405523896217346,0.24699705839157104,0.19628152067116567,1.167231559753418,1.6412997245788574,10803,968158,4726,0.5498334169387817,-9.347634237974601,0.28744670765926156,1.3805677289681406,0.3805677289681406,0.39826616644859314,0.3179548382759094,0.21503251791000366,1.0,0.04251496493816376,0.07782731205224991,,2.193847417831421,4.971583843231201,0,968158,0,0.0,-30.343532459545514,,0.0,1.0,0.39826616644859314,0.0,0.0,0.0,-0.16916974633932114,1.026615858078003,3.3302841186523438,20.99589822157091
8,scprint1,zheng68k,0.5,0.5,5,2026092325,14526,15683,14312,14312,5000,4728,272,0.9456,44733,9c714c495bb9b1fafb76db162cae637109422a64357d31a0f332b6d125810d80,b9762788418294e1e6de501f3dc39ae039bf3f6e7d00a2d377a61a004d4d01c4,6bf923f00510b25874c554e31788e26a7491ef9006d2e7aa6c8c29a95969409a,0.3406221866607666,0.24702699482440948,0.1959885333993375,1.167675256729126,1.6419881582260132,10823,968508,4728,0.5485936999320984,-9.39124391447274,0.28705380505364253,1.3800651056504867,0.3800651056504867,0.39751291275024414,0.3180171549320221,0.21504206955432892,1.0,0.042494092136621475,0.07777631282806396,,2.193439245223999,4.96919059753418,0,968508,0,0.0,-30.44728620471251,,0.0,1.0,0.39751291275024414,0.0,0.0,0.0,-0.16925068199634552,1.025763988494873,3.3272024393081665,21.056042290239766
9,scprint2,internal_test,0.85,0.15000000000000002,1,2026092101,14521,16384,14521,14521,5000,5000,0,1.0,19999,416471797e944156bbd5b6d8620dc20c328c091bb6a33dadc8237f19137000da,a3d44437f284b46e5d827df6101e63efe16f752040ad67db809c061bc367bde5,ea8a10049e4d3cec7ab6c605d259f10acdfd18906478d72ed2dec3e942a2812d,0.4668208062648773,0.25152167677879333,0.8465846410528157,0.6557040214538574,0.6171175241470337,13799,883523,4714,0.08077992498874664,-1.7024396602177347,0.12861356292619547,0.16904312353694514,0.8309568764630548,0.4778657853603363,0.4475787281990051,0.2029181867837906,1.0,0.027256587520241737,0.01986049860715866,,1.0954490900039673,1.4283647537231445,0,883523,0,0.0,-5.254999102567807,,0.0,1.0,0.4778657853603363,0.0,0.0,0.0,-0.23166117817163467,0.43974506855010986,0.8112472295761108,3.5525594423500726
9,scprint2,internal_test,0.85,0.15000000000000002,2,2026092102,14521,16384,14521,14521,5000,5000,0,1.0,19999,416471797e944156bbd5b6d8620dc20c328c091bb6a33dadc8237f19137000da,a3d44437f284b46e5d827df6101e63efe16f752040ad67db809c061bc367bde5,ea8a10049e4d3cec7ab6c605d259f10acdfd18906478d72ed2dec3e942a2812d,0.4668307602405548,0.25153180956840515,0.8483560353555861,0.6544889211654663,0.6153815388679504,13817,882679,4717,0.08107925951480865,-1.6945347227040894,0.1327674921833088,0.16965998886464811,0.8303400111353518,0.4778926372528076,0.44758737087249756,0.2029239982366562,1.0,0.027222417294979095,0.019807426258921623,,1.0940749645233154,1.4253809452056885,0,882679,0,0.0,-5.241231183182528,,0.0,1.0,0.4778926372528076,0.0,0.0,0.0,-0.23172438330948353,0.4395860433578491,0.809999406337738,3.5466964604784383
9,scprint2,internal_test,0.85,0.15000000000000002,3,2026092103,14521,16384,14521,14521,5000,5000,0,1.0,19999,416471797e944156bbd5b6d8620dc20c328c091bb6a33dadc8237f19137000da,a3d44437f284b46e5d827df6101e63efe16f752040ad67db809c061bc367bde5,ea8a10049e4d3cec7ab6c605d259f10acdfd18906478d72ed2dec3e942a2812d,0.46680834889411926,0.25150737166404724,0.8483166820056551,0.6549052596092224,0.6156415939331055,13801,882537,4706,0.0804092139005661,-1.6996289565554448,0.12787480325539363,0.16838130779577007,0.8316186922042299,0.4775424003601074,0.4475703835487366,0.20290958881378174,1.0,0.027222681790590286,0.019810056313872337,,1.0944973230361938,1.4259716272354126,0,882537,0,0.0,-5.252979548567501,,0.0,1.0,0.4775424003601074,0.0,0.0,0.0,-0.2316973153501749,0.43959206342697144,0.8103300333023071,3.553350592012056
9,scprint2,internal_test,0.85,0.15000000000000002,4,2026092104,14521,16384,14521,14521,5000,5000,0,1.0,19999,416471797e944156bbd5b6d8620dc20c328c091bb6a33dadc8237f19137000da,a3d44437f284b46e5d827df6101e63efe16f752040ad67db809c061bc367bde5,ea8a10049e4d3cec7ab6c605d259f10acdfd18906478d72ed2dec3e942a2812d,0.46682530641555786,0.2515197992324829,0.8491542282378313,0.655529260635376,0.6173144578933716,13773,882980,4717,0.0810718759894371,-1.696844077082356,0.12874191884843955,0.16945130475201295,0.830548695247987,0.478437602519989,0.44758251309394836,0.20291873812675476,1.0,0.027235759422183037,0.01984674297273159,,1.0952099561691284,1.4283865690231323,0,882980,0,0.0,-5.240151691246149,,0.0,1.0,0.478437602519989,0.0,0.0,0.0,-0.23167305625975132,0.43968069553375244,0.8110721111297607,3.543307614163793
9,scprint2,internal_test,0.85,0.15000000000000002,5,2026092105,14521,16384,14521,14521,5000,5000,0,1.0,19999,416471797e944156bbd5b6d8620dc20c328c091bb6a33dadc8237f19137000da,a3d44437f284b46e5d827df6101e63efe16f752040ad67db809c061bc367bde5,ea8a10049e4d3cec7ab6c605d259f10acdfd18906478d72ed2dec3e942a2812d,0.46680718660354614,0.2515058219432831,0.8479354635282512,0.655180811882019,0.6162974834442139,13801,882491,4700,0.08084506541490555,-1.6985059363810233,0.13137549531122164,0.16916869866439738,0.8308313013356026,0.477896124124527,0.44756901264190674,0.20290961861610413,1.0,0.027232622727751732,0.01982330158352852,,1.0948307514190674,1.4270387887954712,0,882491,0,0.0,-5.2483991034487785,,0.0,1.0,0.477896124124527,0.0,0.0,0.0,-0.23168252035975456,0.43964993953704834,0.8107413053512573,3.549893167067755
10,scprint2,internal_test,0.7,0.30000000000000004,1,2026092111,14521,16384,14521,14521,5000,4995,5,0.999,19999,416471797e944156bbd5b6d8620dc20c328c091bb6a33dadc8237f19137000da,3e7e7c9737512007f4f8b95f670ea0dfa1fb6690d5be31bc4e6b7cba6d8e0dbf,94f87a96d0aff859a30c29c3408d5ab4fbac1f5328a7289f41607af39c6ac3ee,0.47999870777130127,0.26738759875297546,0.8532373041059346,0.6605762839317322,0.6343826055526733,14087,1847236,4991,0.07328484207391739,-1.679024679166364,0.18777214518767668,0.15060066178932502,0.849399338210675,0.48661699891090393,0.4582538604736328,0.2120208740234375,1.0,0.050615884363651276,0.043578941375017166,,1.1114819049835205,1.4721872806549072,0,1847236,0,0.0,-5.217109395351855,,0.0,1.0,0.48661699891090393,0.0,0.0,0.0,-0.2238086573779583,0.45090562105178833,0.8378046751022339,3.538084716185491
10,scprint2,internal_test,0.7,0.30000000000000004,2,2026092112,14521,16384,14521,14521,5000,4995,5,0.999,19999,416471797e944156bbd5b6d8620dc20c328c091bb6a33dadc8237f19137000da,f01ba02bf1b8331ce3f35450ada2733dad721abeea0c4f472e3242ae5e9a034f,94f87a96d0aff859a30c29c3408d5ab4fbac1f5328a7289f41607af39c6ac3ee,0.47997918725013733,0.2673763334751129,0.8523135602363645,0.660793662071228,0.6348926424980164,14060,1847670,4993,0.07354412972927094,-1.6781705705299572,0.18734277362201177,0.1510486968367647,0.8489513031632353,0.48689019680023193,0.45823776721954346,0.21201017498970032,1.0,0.05062518268823624,0.043609894812107086,,1.1117514371871948,1.4730533361434937,0,1847670,0,0.0,-5.213787701426707,,0.0,1.0,0.48689019680023193,0.0,0.0,0.0,-0.22376643866300583,0.4509577751159668,0.8381606936454773,3.5356171308967497
10,scprint2,internal_test,0.7,0.30000000000000004,3,2026092113,14521,16384,14521,14521,5000,4995,5,0.999,19999,416471797e944156bbd5b6d8620dc20c328c091bb6a33dadc8237f19137000da,3e7e7c9737512007f4f8b95f670ea0dfa1fb6690d5be31bc4e6b7cba6d8e0dbf,94f87a96d0aff859a30c29c3408d5ab4fbac1f5328a7289f41607af39c6ac3ee,0.47999307513237,0.26738351583480835,0.8520463822309454,0.6609185934066772,0.6352291703224182,14096,1847364,4993,0.07312741130590439,-1.6785505855890341,0.1872321070364766,0.15016368232196653,0.8498363176780335,0.4869846701622009,0.4582425355911255,0.21201220154762268,1.0,0.050608374178409576,0.04360037297010422,,1.1117992401123047,1.4732521772384644,0,1847364,0,0.0,-5.212215475022151,,0.0,1.0,0.4869846701622009,0.0,0.0,0.0,-0.22378314286470413,0.45088064670562744,0.8380230069160461,3.533664889433117
10,scprint2,internal_test,0.7,0.30000000000000004,4,2026092114,14521,16384,14521,14521,5000,4995,5,0.999,19999,416471797e944156bbd5b6d8620dc20c328c091bb6a33dadc8237f19137000da,3e7e7c9737512007f4f8b95f670ea0dfa1fb6690d5be31bc4e6b7cba6d8e0dbf,94f87a96d0aff859a30c29c3408d5ab4fbac1f5328a7289f41607af39c6ac3ee,0.47997167706489563,0.26737433671951294,0.8537479382058338,0.6607465744018555,0.6349536180496216,14070,1846529,4988,0.07309716939926147,-1.6772798800746491,0.1866204252731916,0.1500985323508126,0.8499014676491874,0.48699456453323364,0.4582293629646301,0.21200163662433624,1.0,0.05061040818691254,0.04358166828751564,,1.1115673780441284,1.4727448225021362,0,1846529,0,0.0,-5.2098237882013905,,0.0,1.0,0.48699456453323364,0.0,0.0,0.0,-0.2237926684319973,0.45082080364227295,0.8377912044525146,3.5325439081267413
10,scprint2,internal_test,0.7,0.30000000000000004,5,2026092115,14521,16384,14521,14521,5000,4995,5,0.999,19999,416471797e944156bbd5b6d8620dc20c328c091bb6a33dadc8237f19137000da,3e7e7c9737512007f4f8b95f670ea0dfa1fb6690d5be31bc4e6b7cba6d8e0dbf,94f87a96d0aff859a30c29c3408d5ab4fbac1f5328a7289f41607af39c6ac3ee,0.47999969124794006,0.2673977315425873,0.8521565415863755,0.6607638597488403,0.6347244381904602,14099,1848126,4989,0.07323267310857773,-1.6799958561815105,0.1867440527047997,0.15048019252895173,0.8495198074710483,0.4866598844528198,0.4582526683807373,0.2120225727558136,1.0,0.05063575878739357,0.04361514374613762,,1.1117290258407593,1.4727792739868164,0,1848126,0,0.0,-5.218513285241276,,0.0,1.0,0.4866598844528198,0.0,0.0,0.0,-0.22378258779644966,0.45096516609191895,0.8380548357963562,3.538517429059765
11,scprint2,internal_test,0.5,0.5,1,2026092121,14521,16384,14521,14521,5000,4946,54,0.9892,19999,416471797e944156bbd5b6d8620dc20c328c091bb6a33dadc8237f19137000da,85a5fd01cc0748f4f246c6c2b870c442379315bbd699f4521f6c04012f09c3fd,5247a88af6f96519bb053a01a36a690b422fc3f4f69a2da31596ee4b2519bee2,0.4992484450340271,0.2914867103099823,0.8510520493137081,0.6691742539405823,0.6620540022850037,14206,3292281,4946,0.06130174547433853,-1.6673445064981287,0.2542374146788719,0.1230454867664257,0.8769545132335743,0.49820393323898315,0.4736000895500183,0.2255757451057434,1.0,0.0801357552409172,0.08420848846435547,,1.1368765830993652,1.5406959056854248,0,3292281,0,0.0,-5.207298416791496,,0.0,1.0,0.49820393323898315,0.0,0.0,0.0,-0.20727822184562683,0.46770232915878296,0.8786419034004211,3.5399539102933675
11,scprint2,internal_test,0.5,0.5,2,2026092122,14521,16384,14521,14521,5000,4947,53,0.9894,19999,416471797e944156bbd5b6d8620dc20c328c091bb6a33dadc8237f19137000da,c956326248fb206c8ab13d1512b917e8d6cd8f342bf49c8a05d5c693f895cb55,5247a88af6f96519bb053a01a36a690b422fc3f4f69a2da31596ee4b2519bee2,0.49925756454467773,0.2915014326572418,0.8517749842711994,0.6694616079330444,0.6623982191085815,14216,3291582,4947,0.06128411740064621,-1.6696881526401324,0.2542883225375151,0.12303215325350303,0.876967846746497,0.4981146454811096,0.47361111640930176,0.22558727860450745,1.0,0.08012935519218445,0.084213025867939,,1.1372225284576416,1.5413925647735596,0,3291582,0,0.0,-5.212331721364449,,0.0,1.0,0.4981146454811096,0.0,0.0,0.0,-0.20728840678930283,0.46776092052459717,0.878994345664978,3.5426435687243165
11,scprint2,internal_test,0.5,0.5,3,2026092123,14521,16384,14521,14521,5000,4953,47,0.9906,19999,416471797e944156bbd5b6d8620dc20c328c091bb6a33dadc8237f19137000da,0ac316ab102bf90e6213e46f8cc28b0de340201ac998152eb93655cb86947984,5247a88af6f96519bb053a01a36a690b422fc3f4f69a2da31596ee4b2519bee2,0.49934861063957214,0.291660338640213,0.8492707043131268,0.6695891618728638,0.6632083654403687,14187,3294056,4953,0.06125304475426674,-1.665160056695127,0.25427889950296245,0.12279037663935437,0.8772096233606457,0.49884238839149475,0.4736839532852173,0.22565805912017822,1.0,0.08008760958909988,0.08422505110502243,,1.1373780965805054,1.5424737930297852,0,3294056,0,0.0,-5.198564065084367,,0.0,1.0,0.49884238839149475,0.0,0.0,0.0,-0.20743528753519058,0.4677889347076416,0.8792654275894165,3.5334040083892404
11,scprint2,internal_test,0.5,0.5,4,2026092124,14521,16384,14521,14521,5000,4949,51,0.9898,19999,416471797e944156bbd5b6d8620dc20c328c091bb6a33dadc8237f19137000da,8723e78a0e2b987a065c41a0283e9da2d28982a59f3a2b38334818cbb13e867a,5247a88af6f96519bb053a01a36a690b422fc3f4f69a2da31596ee4b2519bee2,0.4992774426937103,0.2915537357330322,0.8498618148876901,0.6695258617401123,0.6628016233444214,14203,3289567,4949,0.06116042286157608,-1.6676899828610203,0.2549744747973151,0.12270051251089442,0.8772994874891056,0.4984528720378876,0.47363007068634033,0.22560611367225647,1.0,0.08009123802185059,0.08416754752397537,,1.1372454166412354,1.5417827367782593,0,3289567,0,0.0,-5.20547418381037,,0.0,1.0,0.4984528720378876,0.0,0.0,0.0,-0.20738618820905685,0.46771955490112305,0.8789811134338379,3.53778420094935
11,scprint2,internal_test,0.5,0.5,5,2026092125,14521,16384,14521,14521,5000,4948,52,0.9896,19999,416471797e944156bbd5b6d8620dc20c328c091bb6a33dadc8237f19137000da,3a4babdb2fc1c276c4db1ccc4064828b4f7a4f414ba8286d5999f7fcc93d4a2d,5247a88af6f96519bb053a01a36a690b422fc3f4f69a2da31596ee4b2519bee2,0.49928998947143555,0.2915526032447815,0.8512083741179736,0.6691204905509949,0.6621360778808594,14196,3291993,4948,0.06126509979367256,-1.6661215591481136,0.2539858430251001,0.12293611730062876,0.8770638826993713,0.49834907054901123,0.473635196685791,0.22560958564281464,1.0,0.08010604232549667,0.08417940139770508,,1.1368592977523804,1.5408023595809937,0,3291993,0,0.0,-5.204112004306663,,0.0,1.0,0.49834907054901123,0.0,0.0,0.0,-0.20737320184707642,0.4677388072013855,0.8786662817001343,3.5379904451585493
12,scprint2,baron_pancreas,0.85,0.15000000000000002,1,2026092201,14521,13762,13596,13596,5000,5000,0,1.0,19999,aaae2a02b7e47fbbe607c93e86f82e60bb16c5f6c6f1fa28c7737faf70453e3d,a3d44437f284b46e5d827df6101e63efe16f752040ad67db809c061bc367bde5,7e0f35a6832f2c74a6ce5c60eb4ff9cf25383ff3873725de4c352078a8a0bce3,0.5007033348083496,0.27952829003334045,0.8500198299280243,0.7343152761459351,0.6431851983070374,12196,840200,4971,0.08381274342536926,-4.081485840141284,0.10331596584150296,0.23557944577840115,0.7644205542215988,0.3557727336883545,0.47181597352027893,0.22429890930652618,1.0,0.031071336939930916,0.023001834750175476,,1.2171674966812134,1.6080713272094727,0,840200,0,0.0,-11.70457047310868,,0.0,1.0,0.3557727336883545,0.0,0.0,0.0,-0.256526455283165,0.4828522205352783,0.9648861289024353,7.623084632967395
12,scprint2,baron_pancreas,0.85,0.15000000000000002,2,2026092202,14521,13762,13596,13596,5000,5000,0,1.0,19999,aaae2a02b7e47fbbe607c93e86f82e60bb16c5f6c6f1fa28c7737faf70453e3d,a3d44437f284b46e5d827df6101e63efe16f752040ad67db809c061bc367bde5,7e0f35a6832f2c74a6ce5c60eb4ff9cf25383ff3873725de4c352078a8a0bce3,0.5006893873214722,0.27951011061668396,0.8500221216177305,0.7348009943962097,0.6441413760185242,12157,840092,4972,0.0838012844324112,-4.079915141629655,0.10421320324634753,0.2353359664740311,0.7646640335259689,0.3560921251773834,0.47180160880088806,0.22428567707538605,1.0,0.03105892241001129,0.02300923876464367,,1.217603325843811,1.609359622001648,0,840092,0,0.0,-11.691950271330564,,0.0,1.0,0.3560921251773834,0.0,0.0,0.0,-0.2565008718520403,0.4828023314476013,0.9652182459831238,7.612035129700908
12,scprint2,baron_pancreas,0.85,0.15000000000000002,3,2026092203,14521,13762,13596,13596,5000,5000,0,1.0,19999,aaae2a02b7e47fbbe607c93e86f82e60bb16c5f6c6f1fa28c7737faf70453e3d,a3d44437f284b46e5d827df6101e63efe16f752040ad67db809c061bc367bde5,7e0f35a6832f2c74a6ce5c60eb4ff9cf25383ff3873725de4c352078a8a0bce3,0.5007368326187134,0.2795647382736206,0.8507191510746729,0.7337318062782288,0.6422387361526489,12204,841505,4961,0.08349842578172684,-4.080285154875596,0.1029991799603423,0.23484108839831103,0.765158911601689,0.35555288195610046,0.4718383550643921,0.22432106733322144,1.0,0.0310869999229908,0.02300962433218956,,1.2164701223373413,1.6062171459197998,0,841505,0,0.0,-11.705619674711599,,0.0,1.0,0.35555288195610046,0.0,0.0,0.0,-0.25655511394143105,0.48273831605911255,0.9639784097671509,7.625334519836003
12,scprint2,baron_pancreas,0.85,0.15000000000000002,4,2026092204,14521,13762,13596,13596,5000,5000,0,1.0,19999,aaae2a02b7e47fbbe607c93e86f82e60bb16c5f6c6f1fa28c7737faf70453e3d,a3d44437f284b46e5d827df6101e63efe16f752040ad67db809c061bc367bde5,7e0f35a6832f2c74a6ce5c60eb4ff9cf25383ff3873725de4c352078a8a0bce3,0.5007030963897705,0.27953028678894043,0.8504650527510501,0.734596848487854,0.6436403393745422,12179,840623,4963,0.08413775265216827,-4.081239940033403,0.10480493697440708,0.236403624974293,0.763596375025707,0.3559072017669678,0.47181403636932373,0.22429697215557098,1.0,0.031065845862030983,0.02301267348229885,,1.2174328565597534,1.6088122129440308,0,840623,0,0.0,-11.700821207646122,,0.0,1.0,0.3559072017669678,0.0,0.0,0.0,-0.2565176133066416,0.4828360080718994,0.9651718735694885,7.619581267612719
12,scprint2,baron_pancreas,0.85,0.15000000000000002,5,2026092205,14521,13762,13596,13596,5000,5000,0,1.0,19999,aaae2a02b7e47fbbe607c93e86f82e60bb16c5f6c6f1fa28c7737faf70453e3d,a3d44437f284b46e5d827df6101e63efe16f752040ad67db809c061bc367bde5,7e0f35a6832f2c74a6ce5c60eb4ff9cf25383ff3873725de4c352078a8a0bce3,0.5006375908851624,0.27944594621658325,0.8496649839507907,0.7343168258666992,0.6433746814727783,12206,840256,4968,0.08370393514633179,-4.073849197391777,0.10348541007342357,0.2350621316899237,0.7649378683100763,0.35609281063079834,0.471763014793396,0.2242487221956253,1.0,0.031061014160513878,0.022996943444013596,,1.2170549631118774,1.6080243587493896,0,840256,0,0.0,-11.681371115428679,,0.0,1.0,0.35609281063079834,0.0,0.0,0.0,-0.25644900277256966,0.4827381372451782,0.9646496772766113,7.607521918036902
13,scprint2,baron_pancreas,0.7,0.30000000000000004,1,2026092211,14521,13762,13596,13596,5000,5000,0,1.0,19999,aaae2a02b7e47fbbe607c93e86f82e60bb16c5f6c6f1fa28c7737faf70453e3d,a3d44437f284b46e5d827df6101e63efe16f752040ad67db809c061bc367bde5,7c706ac620f3c424a766697442f369e80ca4f80cd44c3961dc6d8a29a21f0b92,0.5155122876167297,0.2987971007823944,0.8374678745871587,0.748367190361023,0.6790789365768433,12621,1766601,5000,0.07719561457633972,-3.80744408764102,0.15272471539838794,0.20539488314181684,0.7946051168581831,0.3758400082588196,0.48355215787887573,0.23511545360088348,1.0,0.05757998302578926,0.05113184452056885,,1.242112636566162,1.68410062789917,0,1766601,0,0.0,-10.922354192575138,,0.0,1.0,0.3758400082588196,0.0,0.0,0.0,-0.24766525626182556,0.49374544620513916,1.0050216913223267,7.114910104934118
13,scprint2,baron_pancreas,0.7,0.30000000000000004,2,2026092212,14521,13762,13596,13596,5000,5000,0,1.0,19999,aaae2a02b7e47fbbe607c93e86f82e60bb16c5f6c6f1fa28c7737faf70453e3d,a3d44437f284b46e5d827df6101e63efe16f752040ad67db809c061bc367bde5,7c706ac620f3c424a766697442f369e80ca4f80cd44c3961dc6d8a29a21f0b92,0.5154315829277039,0.2986966371536255,0.8389398254856767,0.7483288645744324,0.6790116429328918,12625,1767808,5000,0.07693386822938919,-3.80196227275313,0.1544938482136844,0.20459185052326226,0.7954081494767378,0.3760358393192291,0.48349347710609436,0.2350601702928543,1.0,0.057596586644649506,0.051153264939785004,,1.2419209480285645,1.6837693452835083,0,1767808,0,0.0,-10.907596808128284,,0.0,1.0,0.3760358393192291,0.0,0.0,0.0,-0.24754337221384048,0.4935920834541321,1.0047577023506165,7.105634535375154
13,scprint2,baron_pancreas,0.7,0.30000000000000004,3,2026092213,14521,13762,13596,13596,5000,5000,0,1.0,19999,aaae2a02b7e47fbbe607c93e86f82e60bb16c5f6c6f1fa28c7737faf70453e3d,a3d44437f284b46e5d827df6101e63efe16f752040ad67db809c061bc367bde5,7c706ac620f3c424a766697442f369e80ca4f80cd44c3961dc6d8a29a21f0b92,0.5154770016670227,0.2987461984157562,0.8371490942463307,0.7487714886665344,0.679715096950531,12617,1768634,5000,0.07642416656017303,-3.807632815587036,0.1523798567796808,0.20325109719170284,0.7967489028082971,0.37600862979888916,0.48352742195129395,0.23508961498737335,1.0,0.057638607919216156,0.05122053623199463,,1.2424869537353516,1.6851547956466675,0,1768634,0,0.0,-10.919119541763557,,0.0,1.0,0.37600862979888916,0.0,0.0,0.0,-0.2475256621837616,0.49371546506881714,1.0054396986961365,7.111486726176521
13,scprint2,baron_pancreas,0.7,0.30000000000000004,4,2026092214,14521,13762,13596,13596,5000,5000,0,1.0,19999,aaae2a02b7e47fbbe607c93e86f82e60bb16c5f6c6f1fa28c7737faf70453e3d,a3d44437f284b46e5d827df6101e63efe16f752040ad67db809c061bc367bde5,7c706ac620f3c424a766697442f369e80ca4f80cd44c3961dc6d8a29a21f0b92,0.5155097842216492,0.2987860441207886,0.8361926377616888,0.7486448884010315,0.6795623898506165,12641,1767461,5000,0.0761597529053688,-3.808686835445646,0.15373374596774844,0.20259284636794356,0.7974071536320564,0.3759251832962036,0.48356035351753235,0.23512223362922668,1.0,0.0576087087392807,0.051173292100429535,,1.2423425912857056,1.6847327947616577,0,1767461,0,0.0,-10.921425512078146,,0.0,1.0,0.3759251832962036,0.0,0.0,0.0,-0.24761275202035904,0.4936977028846741,1.0051704049110413,7.1127386766325005
13,scprint2,baron_pancreas,0.7,0.30000000000000004,5,2026092215,14521,13762,13596,13596,5000,5000,0,1.0,19999,aaae2a02b7e47fbbe607c93e86f82e60bb16c5f6c6f1fa28c7737faf70453e3d,a3d44437f284b46e5d827df6101e63efe16f752040ad67db809c061bc367bde5,7c706ac620f3c424a766697442f369e80ca4f80cd44c3961dc6d8a29a21f0b92,0.5154418349266052,0.29869189858436584,0.8384070824304395,0.7481051087379456,0.6786463856697083,12623,1765484,5000,0.07707395404577255,-3.803689385393869,0.15388697449359334,0.20505639982597537,0.7949436001740247,0.37586709856987,0.4835054874420166,0.23506788909435272,1.0,0.05755113437771797,0.05107996240258217,,1.2417500019073486,1.6832196712493896,0,1765484,0,0.0,-10.91439995674283,,0.0,1.0,0.37586709856987,0.0,0.0,0.0,-0.24761193618178368,0.4936448931694031,1.0045732855796814,7.110710571348961
14,scprint2,baron_pancreas,0.5,0.5,1,2026092221,14521,13762,13596,13596,5000,5000,0,1.0,19999,aaae2a02b7e47fbbe607c93e86f82e60bb16c5f6c6f1fa28c7737faf70453e3d,a3d44437f284b46e5d827df6101e63efe16f752040ad67db809c061bc367bde5,6825c384d918602ccee6126daa2872770a3606e9e69df7b5ea67289f41a41aec,0.5372707843780518,0.32848089933395386,0.8164198995558816,0.7730342149734497,0.7429115772247314,12903,3180516,5000,0.06520158052444458,-3.452080892567608,0.20942752771092873,0.159614037588714,0.8403859624112859,0.4084952771663666,0.5005025267601013,0.2512910068035126,1.0,0.09088192135095596,0.10048352181911469,,1.2819740772247314,1.8103253841400146,0,3180516,0,0.0,-9.848821446784108,,0.0,1.0,0.4084952771663666,0.0,0.0,0.0,-0.22799737751483917,0.5089398622512817,1.0674138069152832,6.3967405542165
14,scprint2,baron_pancreas,0.5,0.5,2,2026092222,14521,13762,13596,13596,5000,5000,0,1.0,19999,aaae2a02b7e47fbbe607c93e86f82e60bb16c5f6c6f1fa28c7737faf70453e3d,a3d44437f284b46e5d827df6101e63efe16f752040ad67db809c061bc367bde5,6825c384d918602ccee6126daa2872770a3606e9e69df7b5ea67289f41a41aec,0.537285566329956,0.32851773500442505,0.8180059452866216,0.7734038233757019,0.7437463402748108,12891,3178623,5000,0.06507238745689392,-3.4489535357978465,0.20884572442755028,0.15915242309308497,0.840847576906915,0.40886834263801575,0.5005181431770325,0.25130659341812134,1.0,0.09088626503944397,0.1005084216594696,,1.282392978668213,1.8117060661315918,0,3178623,0,0.0,-9.837291791935874,,0.0,1.0,0.40886834263801575,0.0,0.0,0.0,-0.22800931334495544,0.508989155292511,1.067959725856781,6.388338256138027
14,scprint2,baron_pancreas,0.5,0.5,3,2026092223,14521,13762,13596,13596,5000,5000,0,1.0,19999,aaae2a02b7e47fbbe607c93e86f82e60bb16c5f6c6f1fa28c7737faf70453e3d,a3d44437f284b46e5d827df6101e63efe16f752040ad67db809c061bc367bde5,6825c384d918602ccee6126daa2872770a3606e9e69df7b5ea67289f41a41aec,0.5372888445854187,0.32848986983299255,0.8181544628082874,0.7731140851974487,0.7431544065475464,12867,3179796,5000,0.06502509862184525,-3.4505224382501547,0.20987666515061934,0.15912814070150189,0.8408718592984981,0.4086335599422455,0.5005209445953369,0.25130802392959595,1.0,0.09087110310792923,0.1004815399646759,,1.2821474075317383,1.8108845949172974,0,3179796,0,0.0,-9.844829084984159,,0.0,1.0,0.4086335599422455,0.0,0.0,0.0,-0.22800832986831665,0.5090333223342896,1.067730188369751,6.394306646734004
14,scprint2,baron_pancreas,0.5,0.5,4,2026092224,14521,13762,13596,13596,5000,5000,0,1.0,19999,aaae2a02b7e47fbbe607c93e86f82e60bb16c5f6c6f1fa28c7737faf70453e3d,a3d44437f284b46e5d827df6101e63efe16f752040ad67db809c061bc367bde5,6825c384d918602ccee6126daa2872770a3606e9e69df7b5ea67289f41a41aec,0.5372657179832458,0.3284827172756195,0.8197253724601646,0.7732357978820801,0.7432166337966919,12897,3179093,5000,0.06506551057100296,-3.4545485719336435,0.20877679354551615,0.15929237260342177,0.8407076273965782,0.4084659516811371,0.5004990100860596,0.25128763914108276,1.0,0.09085243940353394,0.1004510447382927,,1.2821377515792847,1.8107229471206665,0,3179093,0,0.0,-9.852762103909395,,0.0,1.0,0.4084659516811371,0.0,0.0,0.0,-0.2280316725373268,0.5089019536972046,1.0675063133239746,6.398213531975752
14,scprint2,baron_pancreas,0.5,0.5,5,2026092225,14521,13762,13596,13596,5000,5000,0,1.0,19999,aaae2a02b7e47fbbe607c93e86f82e60bb16c5f6c6f1fa28c7737faf70453e3d,a3d44437f284b46e5d827df6101e63efe16f752040ad67db809c061bc367bde5,6825c384d918602ccee6126daa2872770a3606e9e69df7b5ea67289f41a41aec,0.5372778177261353,0.32849687337875366,0.8187290300201274,0.7731021046638489,0.7432085275650024,12888,3179210,5000,0.06491396576166153,-3.4485090002437317,0.2090123059661626,0.15881445802423597,0.841185541975764,0.40874090790748596,0.5005097389221191,0.25129830837249756,1.0,0.09087026119232178,0.10047072917222977,,1.2820478677749634,1.8107155561447144,0,3179210,0,0.0,-9.838121670619005,,0.0,1.0,0.40874090790748596,0.0,0.0,0.0,-0.2280261442065239,0.5089457631111145,1.067507028579712,6.389612670375273
15,scprint2,zheng68k,0.85,0.15000000000000002,1,2026092301,14521,15683,14312,14312,5000,4988,12,0.9976,19999,9c714c495bb9b1fafb76db162cae637109422a64357d31a0f332b6d125810d80,b62bf63caa05c5e011f9c60797ed1d1ea3bf754b5a601d5cfec4a9524bc77456,2298d3ec16e362477ff6a24c4c448164f083c23f21a79edfad1a323f4884d370,0.5447607636451721,0.35065144300460815,0.9163932118673856,1.634691596031189,2.791624069213867,9293,273477,3973,0.07706823199987411,-20.96868278039683,0.14588475249005697,0.2161966389114711,0.7838033610885289,0.35647284984588623,0.5033040642738342,0.2534947395324707,1.0,0.013565567322075367,0.019396064803004265,,2.154083728790283,4.767149925231934,0,273477,0,0.0,-36.5150815000333,,0.0,1.0,0.35647284984588623,0.0,0.0,0.0,-0.3312553782016039,0.5193921327590942,1.9755258560180664,15.546398719636468
15,scprint2,zheng68k,0.85,0.15000000000000002,2,2026092302,14521,15683,14312,14312,5000,4990,10,0.998,19999,9c714c495bb9b1fafb76db162cae637109422a64357d31a0f332b6d125810d80,b5d9b1a24027c66b682cae0ae29f7b5ac5e607a92a1969b69f86e96a3c8a2075,2298d3ec16e362477ff6a24c4c448164f083c23f21a79edfad1a323f4884d370,0.5447470545768738,0.35063961148262024,0.9152003881734965,1.637054443359375,2.7992055416107178,9363,272292,3923,0.0778653472661972,-21.069652300044638,0.14460955856881733,0.21863746119784486,0.7813625388021551,0.35613909363746643,0.5033016204833984,0.2534925937652588,1.0,0.013531826436519623,0.01935112290084362,,2.156714916229248,4.778255462646484,0,272292,0,0.0,-36.67298795811767,,0.0,1.0,0.35613909363746643,0.0,0.0,0.0,-0.3312884885817766,0.519660472869873,1.9790499210357666,15.603335658073036
15,scprint2,zheng68k,0.85,0.15000000000000002,3,2026092303,14521,15683,14312,14312,5000,4989,11,0.9978,19999,9c714c495bb9b1fafb76db162cae637109422a64357d31a0f332b6d125810d80,f08cdb5bec5d745eeea6f73cfd9fad0324c1c626a09d2fa4ee3022a8b909ce60,2298d3ec16e362477ff6a24c4c448164f083c23f21a79edfad1a323f4884d370,0.544766366481781,0.3506702184677124,0.9131727862624941,1.6358716487884521,2.7957541942596436,9344,274407,3920,0.07759198546409607,-20.99557210411013,0.145904407806915,0.2176381389928921,0.7823618610071079,0.35651832818984985,0.5033106207847595,0.2535014748573303,1.0,0.013596227392554283,0.019478164613246918,,2.155522108078003,4.773380279541016,0,274407,0,0.0,-36.55452833963664,,0.0,1.0,0.35651832818984985,0.0,0.0,0.0,-0.3311920538544655,0.5196504592895508,1.977626085281372,15.558956235526509
15,scprint2,zheng68k,0.85,0.15000000000000002,4,2026092304,14521,15683,14312,14312,5000,4986,14,0.9972,19999,9c714c495bb9b1fafb76db162cae637109422a64357d31a0f332b6d125810d80,9fdf6d6cf8f3ecb9dc14a7147b9fe0bd249686bb85dd1fd97a63b85f8a6c4265,2298d3ec16e362477ff6a24c4c448164f083c23f21a79edfad1a323f4884d370,0.5447484850883484,0.35063084959983826,0.9152514741313187,1.6349889039993286,2.7929673194885254,9314,273601,3945,0.076969213783741,-20.915069509329463,0.14587536332814874,0.21560337237275318,0.7843966276272468,0.35699447989463806,0.5032896995544434,0.2534814178943634,1.0,0.013570976443588734,0.019415052607655525,,2.1543025970458984,4.768464088439941,0,273601,0,0.0,-36.41584128884112,,0.0,1.0,0.35699447989463806,0.0,0.0,0.0,-0.33121579699218273,0.5193136930465698,1.975496768951416,15.500771779511659
15,scprint2,zheng68k,0.85,0.15000000000000002,5,2026092305,14521,15683,14312,14312,5000,4984,16,0.9968,19999,9c714c495bb9b1fafb76db162cae637109422a64357d31a0f332b6d125810d80,83ce105931bc88731039ea8109cb620cee2a71d484071393149fb2715052acc6,2298d3ec16e362477ff6a24c4c448164f083c23f21a79edfad1a323f4884d370,0.5447434186935425,0.35061585903167725,0.9129715316723165,1.6352587938308716,2.7928929328918457,9293,273305,3966,0.0771942287683487,-21.10144671899289,0.1433615079823666,0.21715410345461852,0.7828458965453815,0.3554813265800476,0.5032832622528076,0.2534736692905426,1.0,0.013570266775786877,0.019406810402870178,,2.1546878814697266,4.76904821395874,0,273305,0,0.0,-36.73967263828477,,0.0,1.0,0.3554813265800476,0.0,0.0,0.0,-0.33120904862880707,0.519429087638855,1.9761552810668945,15.638225919291884
16,scprint2,zheng68k,0.7,0.30000000000000004,1,2026092311,14521,15683,14312,14312,5000,4933,67,0.9866,19999,9c714c495bb9b1fafb76db162cae637109422a64357d31a0f332b6d125810d80,5000dbbebde6842c41b444b4290facd7eb36ce9d9d17531ece8686336c6f9ce8,7e00d4afd7563185fb43ae1936d69bff7ebf8a275aee7ca5b3e01f41407a9d26,0.5514271855354309,0.3633614778518677,0.9093737863611825,1.6501694917678833,2.8514792919158936,10228,563051,4920,0.06941572576761246,-19.525347232548107,0.19569428357712904,0.186237877814091,0.813762122185909,0.3727261424064636,0.507900059223175,0.2580822706222534,1.0,0.025977464392781258,0.04168238118290901,,2.17262601852417,4.859228134155273,0,563051,0,0.0,-33.97740454172853,,0.0,1.0,0.3727261424064636,0.0,0.0,0.0,-0.32167909666895866,0.5224565267562866,2.00774884223938,14.452057309180425
16,scprint2,zheng68k,0.7,0.30000000000000004,2,2026092312,14521,15683,14312,14312,5000,4934,66,0.9868,19999,9c714c495bb9b1fafb76db162cae637109422a64357d31a0f332b6d125810d80,317fe462506167f22cc060c44ce522693ec2036c888e81f56e1b7ac11110b72d,7e00d4afd7563185fb43ae1936d69bff7ebf8a275aee7ca5b3e01f41407a9d26,0.5514360666275024,0.36338695883750916,0.9097932677442331,1.6505597829818726,2.8530168533325195,10301,563910,4919,0.06846681237220764,-19.524623448447183,0.19434609165416644,0.18363926221518653,0.8163607377848134,0.3728331923484802,0.5079081654548645,0.25809016823768616,1.0,0.025999857112765312,0.04173578694462776,,2.172715902328491,4.859699249267578,0,563910,0,0.0,-33.9607108164858,,0.0,1.0,0.3728331923484802,0.0,0.0,0.0,-0.3216511718928814,0.5221561193466187,2.0066823959350586,14.436087368038617
16,scprint2,zheng68k,0.7,0.30000000000000004,3,2026092313,14521,15683,14312,14312,5000,4928,72,0.9856,19999,9c714c495bb9b1fafb76db162cae637109422a64357d31a0f332b6d125810d80,68916159e3e8b76179397dd317124228633595df22cf0c6e9c750ef110cedb73,7e00d4afd7563185fb43ae1936d69bff7ebf8a275aee7ca5b3e01f41407a9d26,0.5514215230941772,0.36334192752838135,0.9109046717803596,1.6501657962799072,2.8514652252197266,10283,563438,4915,0.0687069296836853,-19.537481305573397,0.19748162033300537,0.18439115826679403,0.8156088417332059,0.37261509895324707,0.5078869462013245,0.2580680847167969,1.0,0.026008540764451027,0.04174129292368889,,2.1724395751953125,4.858335971832275,0,563438,0,0.0,-33.99182922352191,,0.0,1.0,0.37261509895324707,0.0,0.0,0.0,-0.32160063460469246,0.5222737789154053,2.006870746612549,14.454347917948514
16,scprint2,zheng68k,0.7,0.30000000000000004,4,2026092314,14521,15683,14312,14312,5000,4930,70,0.986,19999,9c714c495bb9b1fafb76db162cae637109422a64357d31a0f332b6d125810d80,785585a65049463e97586e712756c20e9f094f8f672873cc34a67659c47de3dc,7e00d4afd7563185fb43ae1936d69bff7ebf8a275aee7ca5b3e01f41407a9d26,0.5514140129089355,0.36332589387893677,0.9098945052006878,1.6502841711044312,2.8517911434173584,10298,563169,4923,0.06822776049375534,-19.57134109971607,0.19597756330891367,0.1832456023656825,0.8167543976343175,0.37232959270477295,0.5078870058059692,0.2580695152282715,1.0,0.025989778339862823,0.04170471057295799,,2.1724958419799805,4.858367919921875,0,563169,0,0.0,-34.045744461099304,,0.0,1.0,0.37232959270477295,0.0,0.0,0.0,-0.3216211833059788,0.5222116708755493,2.0065767765045166,14.474403361383235
16,scprint2,zheng68k,0.7,0.30000000000000004,5,2026092315,14521,15683,14312,14312,5000,4942,58,0.9884,19999,9c714c495bb9b1fafb76db162cae637109422a64357d31a0f332b6d125810d80,c7c1c69923b74f38ce2f700e0cec2bf9f542769fe2848f77e5501525727b3a5f,7e00d4afd7563185fb43ae1936d69bff7ebf8a275aee7ca5b3e01f41407a9d26,0.5514354109764099,0.36340251564979553,0.9114455949066592,1.6506093740463257,2.8539886474609375,10240,563854,4937,0.06930558383464813,-19.398560344434163,0.19627124073282642,0.18528568378145382,0.8147143162185462,0.3740471601486206,0.5079226493835449,0.25810468196868896,1.0,0.025958187878131866,0.04167630895972252,,2.172898530960083,4.861401081085205,0,563854,0,0.0,-33.74631316394236,,0.0,1.0,0.3740471601486206,0.0,0.0,0.0,-0.321726206690073,0.5222891569137573,2.0074124336242676,14.347752819508198
17,scprint2,zheng68k,0.5,0.5,1,2026092321,14521,15683,14312,14312,5000,4739,261,0.9478,19999,9c714c495bb9b1fafb76db162cae637109422a64357d31a0f332b6d125810d80,37b850509be8a75e3c31ac93e526b9ab9821dc5d47b84950c889628b59484975,b52778da969be3cd4f271b57a694406e03cb24eae460c64455fb484e2b18dec6,0.5608301162719727,0.38205379247665405,0.8924559596060415,1.668060064315796,2.9272170066833496,10808,969838,4739,0.05601843073964119,-17.471799849235904,0.2774808327850133,0.14072073210218286,0.8592792678978172,0.39808228611946106,0.5140789151191711,0.2643357813358307,1.0,0.04245365411043167,0.07773339003324509,,2.1939241886138916,4.97177267074585,0,969838,0,0.0,-30.373686836417342,,0.0,1.0,0.39808228611946106,0.0,0.0,0.0,-0.30432040244340897,0.5258641242980957,2.0445556640625,12.901886987181438
17,scprint2,zheng68k,0.5,0.5,2,2026092322,14521,15683,14312,14312,5000,4731,269,0.9462,19999,9c714c495bb9b1fafb76db162cae637109422a64357d31a0f332b6d125810d80,c883965ac70ec1a1847d6afd50dd8b2871493af2c1da3d5f181f534d3ae6bc2e,b52778da969be3cd4f271b57a694406e03cb24eae460c64455fb484e2b18dec6,0.5608223080635071,0.3820283114910126,0.8938690449247404,1.6678916215896606,2.9269936084747314,10751,967939,4731,0.05643134191632271,-17.41191326941887,0.2793305749232634,0.14153340366943676,0.8584665963305632,0.39871394634246826,0.5140656232833862,0.2643219828605652,1.0,0.04246794432401657,0.07773803919553757,,2.1939098834991455,4.97221565246582,0,967939,0,0.0,-30.277144946604,,0.0,1.0,0.39871394634246826,0.0,0.0,0.0,-0.304290272295475,0.5260182619094849,2.045222043991089,12.865231677185129
17,scprint2,zheng68k,0.5,0.5,3,2026092323,14521,15683,14312,14312,5000,4732,268,0.9464,19999,9c714c495bb9b1fafb76db162cae637109422a64357d31a0f332b6d125810d80,95ac9b42d4f824d1d1da1eee50c8cea2daa329056f84189f519b7291a300afa5,b52778da969be3cd4f271b57a694406e03cb24eae460c64455fb484e2b18dec6,0.5608521699905396,0.38209670782089233,0.8938215922059656,1.6681185960769653,2.927947998046875,10794,968962,4732,0.056009817868471146,-17.417652428759872,0.2776232980495734,0.1404751864827686,0.8595248135172314,0.3987168073654175,0.5140849947929382,0.2643413543701172,1.0,0.042496077716350555,0.07781058549880981,,2.194030523300171,4.972745418548584,0,968962,0,0.0,-30.280028469299882,,0.0,1.0,0.3987168073654175,0.0,0.0,0.0,-0.3042861223220825,0.5259119272232056,2.044797420501709,12.86237604054001
17,scprint2,zheng68k,0.5,0.5,4,2026092324,14521,15683,14312,14312,5000,4726,274,0.9452,19999,9c714c495bb9b1fafb76db162cae637109422a64357d31a0f332b6d125810d80,a5ad9e2f584fbb30f0398b1aa00ad0bf0c171f3a5b4e75a1d62acbcc8ecf4616,b52778da969be3cd4f271b57a694406e03cb24eae460c64455fb484e2b18dec6,0.5608426928520203,0.38205429911613464,0.8931087890495565,1.6678810119628906,2.926652193069458,10803,968158,4726,0.056452758610248566,-17.451185960821114,0.27633723595444276,0.14174630778619077,0.8582536922138092,0.39826616644859314,0.5140716433525085,0.2643272280693054,1.0,0.04251496493816376,0.07782731205224991,,2.193847417831421,4.971583843231201,0,968158,0,0.0,-30.343532459545514,,0.0,1.0,0.39826616644859314,0.0,0.0,0.0,-0.30422698706388474,0.5259664058685303,2.044931650161743,12.8923464987244
17,scprint2,zheng68k,0.5,0.5,5,2026092325,14521,15683,14312,14312,5000,4728,272,0.9456,19999,9c714c495bb9b1fafb76db162cae637109422a64357d31a0f332b6d125810d80,b9762788418294e1e6de501f3dc39ae039bf3f6e7d00a2d377a61a004d4d01c4,b52778da969be3cd4f271b57a694406e03cb24eae460c64455fb484e2b18dec6,0.5608212947845459,0.38201168179512024,0.8912143352108233,1.6675686836242676,2.925255537033081,10823,968508,4728,0.0561346560716629,-17.512340448492235,0.2759878503541318,0.14121467321221862,0.8587853267877814,0.39751291275024414,0.5140590667724609,0.2643147110939026,1.0,0.042494092136621475,0.07777631282806396,,2.193439245223999,4.96919059753418,0,968508,0,0.0,-30.44728620471251,,0.0,1.0,0.39751291275024414,0.0,0.0,0.0,-0.3042353689670563,0.5258705615997314,2.0439350605010986,12.934945756220273
