model,dataset,q,loss_fraction,evaluated_genes_mean,evaluated_genes_sd,evaluated_cells_mean,evaluated_cells_sd,dropped_cells_mean,model_masked_mse_mean,model_masked_mse_sd,model_masked_mae_mean,model_masked_mae_sd,model_recovery_index_mean,model_recovery_index_sd,model_gene_spearman_mean,model_gene_spearman_sd,model_sample_spearman_mean,model_sample_spearman_sd,baseline_masked_mse_mean,baseline_recovery_index_mean,masked_mse_gain_vs_corrupted_mean,masked_mse_gain_vs_corrupted_sd,recovery_gain_vs_corrupted_mean,recovery_gain_vs_corrupted_sd,model_full_available_mse_mean,model_full_available_mse_sd,baseline_full_available_mse_mean
scprint1,baron_pancreas,0.5,0.5,13596.0,0.0,5000.0,0.0,0.0,0.6161333441734314,0.0003286177005123068,0.6769243359565735,0.00015930460829421142,-2.6897023468344474,0.0024785627968698523,0.2316405315987753,0.0023008040669124773,0.2155093734262568,0.0003215208157145104,1.8108709096908568,-9.844365219646509,1.1947375655174255,0.00025322883180864603,7.154662872812061,0.004622026376623034,0.21419589221477509,2.32209461789125e-05,0.10047905147075653
scprint1,baron_pancreas,0.7,0.30000000000000004,13596.0,0.0,5000.0,0.0,0.0,0.5881888747215271,0.0007178887657309364,0.6671876788139344,0.0003892787778519929,-3.161889781690607,0.005858939578852304,0.24089845747266322,0.0020008610645440646,0.15443705967805524,0.001347213565510664,1.6841954469680787,-10.91697920225759,1.0960065722465515,0.0005171997086313794,7.755089420566984,0.0015445131886858891,0.20140390694141388,1.2205836661207342e-05,0.05115178003907204
scprint1,baron_pancreas,0.85,0.15000000000000002,13596.0,0.0,5000.0,0.0,0.0,0.56960688829422,0.000691949941769103,0.6602865934371949,0.00046794969527716153,-3.497377693755549,0.002879509064068916,0.2503191465064232,0.0017970215244693078,0.10442720281051662,0.0010073938105004253,1.6080969333648683,-11.69686654844513,1.0384900450706482,0.0007131726513567914,8.19948885468958,0.009016324307576276,0.19419797956943513,1.4572678183768296e-05,0.02300606295466423
scprint1,internal_test,0.5,0.5,14526.0,0.0,4948.6,2.701851217221177,51.4,0.4606050431728363,0.0003151002615635133,0.5406959533691407,0.00016849134773392862,-0.8543834031644184,0.002081071272459998,0.27815815541495864,0.0010441445599370766,0.29042689450145637,0.00016196572970086993,1.5413482666015625,-5.205425386382375,1.0807432234287262,0.0005046619747802414,4.351041983217956,0.0030453595252489633,0.1736619681119919,8.208845994961105e-05,0.0841751828789711
scprint1,internal_test,0.7,0.30000000000000004,14526.0,0.0,4995.0,0.0,5.0,0.46900728940963743,0.00037129858684398936,0.5497291564941407,0.00022396788266119012,-0.9789721788709731,0.0002743265935877743,0.2966133780921523,0.0011274423543163098,0.21099435183763987,0.0005529618602399047,1.472729539871216,-5.214171618476188,1.0037222504615784,0.00030246505315119213,4.235199439605215,0.003648487478209394,0.16104183793067933,1.8917132416660236e-05,0.04358524903655052
scprint1,internal_test,0.85,0.15000000000000002,14526.0,0.0,5000.0,0.0,0.0,0.4718692898750305,0.0005107673385159613,0.5546270132064819,0.0004195959755097385,-1.065897128106974,0.002382907206931677,0.3106470700474319,0.0014544901360279735,0.14617654206735048,0.001737114135850219,1.426964282989502,-5.247411322652967,0.9550949931144714,0.0008727749494623682,4.181514194545993,0.004501188876924829,0.15301307141780854,1.2898702832900058e-05,0.01982424519956112
scprint1,zheng68k,0.5,0.5,14312.0,0.0,4731.2,4.969909455915652,268.8,1.6417491674423217,0.0008542855893566478,1.1674880266189576,0.0003025352761689835,-9.350915483961815,0.029348091105509164,0.19571785827121504,0.0023157924139379452,0.28855870257682537,0.0013512921745764748,4.971501636505127,-30.34433578331585,3.329752469062805,0.001781630374632071,20.993420299354035,0.041902834466951845,0.24704971313476562,4.9791715174734536e-05,0.07777712792158127
scprint1,zheng68k,0.7,0.30000000000000004,14312.0,0.0,4933.4,5.366563145999634,66.6,1.6995671272277832,0.0013291531332660297,1.1927690505981445,0.0005179230360196744,-11.221732399632241,0.042133759716458434,0.2371419895402826,0.0014811750962833126,0.20297454785273525,0.001199713590341191,4.859406471252441,-33.94440044135558,3.1598393440246584,0.0015724446685554602,22.72266804172334,0.07469117396351233,0.23127980530261993,7.737791143733422e-05,0.04170809611678124
scprint1,zheng68k,0.85,0.15000000000000002,14312.0,0.0,4987.4,2.408318915758379,12.6,1.724747633934021,0.0011003607753992874,1.205342984199524,0.00033797645225943534,-12.584549588855383,0.04901626893286905,0.265150635880591,0.0027976345068814216,0.14966030188717264,0.002251895421219988,4.771259593963623,-36.5796223449827,3.0465119600296022,0.003964415962745888,23.99507275612732,0.0810540646856874,0.22105047404766082,2.4964496204620382e-05,0.019409443065524102
scprint2,baron_pancreas,0.5,0.5,13596.0,0.0,5000.0,0.0,0.0,0.7432474970817566,0.0003052964521415587,0.7731780052185059,0.00014565037756980744,-3.4509228877585967,0.0024673934000995846,0.8182069420262165,0.001205703259984451,0.20918780336015544,0.00046063671419980845,1.8108709096908568,-9.844365219646509,1.0676234126091004,0.00022118979145874406,6.393442331887911,0.004333230824746035,0.32849361896514895,1.4890151128672397e-05,0.10047905147075653
scprint2,baron_pancreas,0.7,0.30000000000000004,13596.0,0.0,5000.0,0.0,0.0,0.6792028903961181,0.00043394500348198047,0.7484435081481934,0.00026533325326077826,-3.8058830793641407,0.002895875928407773,0.8376313029022588,0.001077387652655566,0.153443828170619,0.0008706508174087226,1.6841954469680787,-10.91697920225759,1.0049925565719604,0.0003403526167282729,7.111096122893452,0.0034414604795935675,0.2987435758113861,4.885982824237529e-05,0.05115178003907204
scprint2,baron_pancreas,0.85,0.15000000000000002,13596.0,0.0,5000.0,0.0,0.0,0.6433160662651062,0.0007013365053269625,0.7343523502349854,0.0004027319984011465,-4.079355054814343,0.003145881741292654,0.8501782278644537,0.00041465190713661966,0.1037637392192047,0.0007329102347177019,1.6080969333648683,-11.69686654844513,0.964780867099762,0.0005040870297975565,7.617511493630785,0.0075220636770679155,0.27951587438583375,4.379701783656371e-05,0.02300606295466423
scprint2,internal_test,0.5,0.5,14521.0,0.0,4948.6,2.701851217221177,51.4,0.662519657611847,0.0004828402300271652,0.6693742752075196,0.00021283615756515563,-1.6672008515685044,0.0017158284168996836,0.8506335853807396,0.0010321530992527881,0.25435299090835295,0.000368805230364631,1.5414294719696044,-5.205556078271469,0.8789098143577576,0.0002596990118729833,3.538355226702965,0.0033881914530805523,0.29155096411705017,6.810850193888257e-05,0.08419870287179947
scprint2,internal_test,0.7,0.30000000000000004,14521.0,0.0,4995.0,0.0,5.0,0.6348364949226379,0.00031210439682946556,0.6607597947120667,0.00012271056500115735,-1.6786043143083031,0.001007253925108383,0.8527003452730908,0.0007514599982225675,0.18714230076483127,0.0004679514066587216,1.4728033781051635,-5.214289929048676,0.8379668831825257,0.0001624980836684323,3.5356856147403724,0.0026331160881093523,0.2673839032649994,9.405430692580947e-06,0.04359720423817635
scprint2,internal_test,0.85,0.15000000000000002,14521.0,0.0,5000.0,0.0,0.0,0.616350519657135,0.0008604918800727007,0.6551616549491882,0.00048681918308986455,-1.6983906705881295,0.0029665316835087675,0.8480694100360278,0.0009410909403709926,0.1298746545049118,0.002091284295414563,1.4270285367965698,-5.247552125802552,0.8106780171394348,0.0005159756874395854,3.549161455214423,0.004182530335039407,0.25151729583740234,1.0796382323087519e-05,0.019829605147242545
scprint2,zheng68k,0.5,0.5,14312.0,0.0,4731.2,4.969909455915652,268.8,2.926813268661499,0.0009919186948895058,1.667903995513916,0.0002141998445028415,-17.4529783913456,0.04127826844856571,0.8928939441994255,0.0011034522437344493,0.27735195841328497,0.0013129746342745974,4.971501636505127,-30.34433578331585,2.044688367843628,0.0004850183617000818,12.891357391970251,0.029724854538045572,0.3820489585399628,3.22014707097414e-05,0.07777712792158127
scprint2,zheng68k,0.7,0.30000000000000004,14312.0,0.0,4933.4,5.366563145999634,66.6,2.852348232269287,0.0011161454770176927,1.650357723236084,0.00021320953857788735,-19.511470686143785,0.06590773419283448,0.9102823651986245,0.000859583625522327,0.19595415992120818,0.001127790155008765,4.859406471252441,-33.94440044135558,2.0070582389831544,0.0005026440603140306,14.432929755211797,0.04952207063351167,0.3633637547492981,3.144795087304521e-05,0.04170809611678124
scprint2,zheng68k,0.85,0.15000000000000002,14312.0,0.0,4987.4,2.408318915758379,12.6,2.79448881149292,0.0030379784110760918,1.6355730772018433,0.0009354988117354927,-21.010084682574792,0.07557767251970297,0.9145978784214023,0.001473882538170857,0.14512711803526093,0.0011317361700864529,4.771259593963623,-36.5796223449827,1.976770782470703,0.0015393025851492756,15.56953766240791,0.05300119117214739,0.35064159631729125,2.0603544120552803e-05,0.019409443065524102
